request_id,workload_type,arrival_time,dispatch_time,queue_time,ttft,tpot,inter_token_latencies,total_latency,completion_time,input_tokens,output_tokens,success,error,status_code,prompt_text,output_text,server_queue_time,server_prefill_time
req-0000-215130,synthetic,1787907418.6323273,1787907419.4547381,0.8224108219146729,0.7731867000111379,0.011509017460787344,"[0.011381299991626292, 0.012909100041724741, 0.013120399962645024, 0.010433199990075082, 0.009751200035680085, 0.00951189995976165, 0.010563999996520579, 0.008465700026135892, 0.009253799973521382, 0.009127700002864003, 0.010328900010790676, 0.010368500021286309, 0.010557800007518381, 0.010676599980797619, 0.009424899995792657, 0.008899700012989342, 0.010774699971079826, 0.010109500028192997, 0.014635699975769967, 0.010303599992766976, 0.013517600018531084, 0.012376500002574176, 0.010241299984045327, 0.00876960001187399, 0.008571300015319139, 0.01264089997857809, 0.012814800022169948, 0.013674899993930012, 0.009912899986375123, 0.01036100002238527, 0.008974800002761185, 0.012576700013596565, 0.012282999989110976, 0.01066599995829165, 0.01254180003888905, 0.011765900009777397, 0.012190899986308068, 0.011805899965111166, 0.01136700005736202, 0.01231809996534139, 0.01201130001572892, 0.010717400000430644, 0.011213299992959946, 0.010962700005620718, 0.011000500002410263, 0.010833700012881309, 0.01278910000110045, 0.012774000002536923, 0.011688399943523109, 0.012229900050442666, 0.011782899964600801, 0.012040200002957135, 0.017610000038985163, 0.01118449994828552, 0.011818200000561774, 0.012516900023911148, 0.011484400019980967, 0.011638899974059314, 0.01266609999584034, 0.017035000026226044, 0.01211660000262782, 0.017402199970092624, 0.009582800033967942]",1.4995989799499512,1787907420.9543371,128,64,True,,200,sit eiusmod ipsum dolor adipiscing magna ut labore amet aliqua. elit et dolore sed incididunt consectetur Lorem do tempor magna et elit ut tempor consectetur labore do sed dolor adipiscing sit dolore incididunt eiusmod amet ipsum Lorem aliqua. dolore et aliqua. elit Lorem ipsum sed eiusmod sit labore adipiscing magna incididunt tempor ut amet dolor do consectetur consectetur dolore do tempor eiusmod ipsum sed incididunt et sit magna elit dolor labore Lorem adipiscing amet aliqua. ut tempor amet sit eiusmod elit sed aliqua. dolor et ipsum Lorem labore incididunt magna adipiscing ut dolore do consectetur sit amet do incididunt ut dolore adipiscing ipsum consectetur Lorem elit et aliqua. eiusmod sed dolor magna tempor labore adipiscing amet do Lorem aliqua. sed sit, factors factors factors factors factors factors factors factors factors factors factors factors factors factors factors factors factors factors factors factors factors factors factors factors factors factors factors factors factors factors factors factors factors factors factors factors factors factors factors factors factors factors factors factors factors factors factors factors factors factors factors factors factors factors factors factors factors factors factors factors factors factors factors factors,,
req-0001-6a7b36,synthetic,1787907418.6323273,1787907420.1819484,1.5496211051940918,0.04741769999964163,0.025095768253474187,"[0.011113899992778897, 0.011227899987716228, 0.012425799970515072, 0.011144200048875064, 0.009409399994183332, 0.010593099985271692, 0.00940819998504594, 0.01024520001374185, 0.009969500009901822, 0.009158700006082654, 0.010945899994112551, 0.010586599993985146, 0.01354909996734932, 0.010048500029370189, 0.008994599978905171, 0.008983300009276718, 0.01060390000930056, 0.010692299983929843, 0.01149440003791824, 0.009697999979835004, 0.012151699978858232, 0.013021700026001781, 0.011384100012946874, 0.008796099980827421, 0.008682999992743134, 0.010083600005600601, 0.013271700008772314, 0.013012800016440451, 0.011186599964275956, 0.01155960001051426, 0.008734399976674467, 0.011078900017309934, 0.012877899978775531, 0.01071500004036352, 0.012458399985916913, 0.011295899981632829, 0.012190999987069517, 0.011814200028311461, 0.011372599983587861, 0.013599500001873821, 0.010320700006559491, 0.012387100025080144, 0.01040979998651892, 0.0105061000213027, 0.010958899976685643, 0.011920800025109202, 0.01220249995822087, 0.01276260003214702, 0.011707999976351857, 0.0117655000067316, 0.013460999995004386, 0.011194700025953352, 0.01676149998093024, 0.012820600008126348, 0.011111599975265563, 0.01204679999500513, 0.012387000024318695, 0.010737599979620427, 0.01339209999423474, 0.015157200046814978, 0.0126705999718979, 0.017570999974850565, 0.8671985000255518]",1.6313867568969727,1787907421.8133352,128,64,True,,200,do magna incididunt sed eiusmod dolore labore consectetur amet ipsum adipiscing sit dolor et Lorem tempor aliqua. elit ut incididunt elit eiusmod amet ut tempor dolor do sed Lorem magna ipsum aliqua. adipiscing sit consectetur et labore dolore ipsum dolore magna elit ut sed do labore dolor sit tempor et incididunt Lorem adipiscing consectetur amet aliqua. eiusmod incididunt amet do tempor adipiscing Lorem dolore eiusmod dolor sit et labore aliqua. sed ut elit consectetur ipsum magna incididunt consectetur ut sit eiusmod amet tempor et dolor sed do ipsum elit Lorem adipiscing aliqua. labore dolore magna ut et tempor dolor ipsum sit labore dolore magna do elit adipiscing consectetur aliqua. eiusmod amet Lorem sed incididunt dolor ipsum ut eiusmod consectetur Lorem adipiscing sit, factors factors factors factors factors factors factors factors factors factors factors factors factors factors factors factors factors factors factors factors factors factors factors factors factors factors factors factors factors factors factors factors factors factors factors factors factors factors factors factors factors factors factors factors factors factors factors factors factors factors factors factors factors factors factors factors factors factors factors factors factors factors factors factors,,
req-0002-b51029,synthetic,1787907418.6323273,1787907421.8093247,3.176997423171997,0.8063430999754928,0.025171431746067747,"[0.007344899990130216, 0.0067196000018157065, 0.009234500001184642, 0.007763600035104901, 0.007891299959737808, 0.009218799998052418, 0.01080839999485761, 0.008110900002066046, 0.01023360004182905, 0.009055999980773777, 0.010096599988173693, 0.008985600026790053, 0.009952399996109307, 0.01175209996290505, 0.009055500035174191, 0.010028799995779991, 0.012163300008978695, 0.01135799998883158, 0.016695900005288422, 0.01133880001725629, 0.012147200002800673, 0.009082399948965758, 0.010311499994713813, 0.008984800020698458, 0.011945599981117994, 0.012770400033332407, 0.01325000001816079, 0.008842399984132499, 0.012309000012464821, 0.014861599949654192, 0.011714700027368963, 0.011139000009279698, 0.011998499976471066, 0.017953100032173097, 0.01471379998838529, 0.013233500008936971, 0.014127300004474819, 0.015467099961824715, 0.013351500034332275, 0.013742399984039366, 0.01215949998004362, 0.011732200044207275, 0.015665499959141016, 0.012085900001693517, 0.011502700042910874, 0.012704599997960031, 0.011563699983526021, 0.01189279998652637, 0.012460099998861551, 0.011777499981690198, 0.013553199998568743, 0.013322300044819713, 0.01074749999679625, 0.012372599972877651, 0.01094320003176108, 0.009958899987395853, 0.010069900017697364, 0.015258699946571141, 0.013991200015880167, 0.017549199983477592, 0.011419600050430745, 0.8722775999922305, 0.0010373999830335379]",2.3931314945220947,1787907424.2024562,128,64,True,,200,magna dolore labore dolor Lorem sit elit sed do amet tempor consectetur aliqua. ipsum ut adipiscing et eiusmod incididunt Lorem aliqua. tempor ut magna elit labore adipiscing consectetur do et amet eiusmod sed dolore incididunt sit ipsum dolor et Lorem amet dolor aliqua. tempor elit ipsum dolore adipiscing eiusmod sed do labore consectetur ut magna incididunt sit dolore tempor sed labore elit amet et sit ut adipiscing incididunt eiusmod dolor Lorem do aliqua. ipsum consectetur magna eiusmod tempor sed incididunt adipiscing amet elit Lorem magna sit et labore aliqua. consectetur do ut ipsum dolore dolor amet dolor adipiscing dolore labore incididunt consectetur tempor Lorem sed ut eiusmod aliqua. elit do sit et magna ipsum eiusmod ut sit magna incididunt dolore sed, stairs stairs stairs stairs stairs stairs stairs stairs stairs stairs stairs stairs stairs stairs stairs stairs stairs stairs stairs stairs stairs stairs stairs stairs stairs stairs stairs stairs stairs stairs stairs stairs stairs stairs stairs stairs stairs stairs stairs stairs stairs stairs stairs stairs stairs stairs stairs stairs stairs stairs stairs stairs stairs stairs stairs stairs stairs stairs stairs stairs stairs stairs stairs stairs,,
req-0003-6150ae,synthetic,1787907418.6323273,1787907422.5775514,3.9452240467071533,0.026468400028534234,0.011585560317764738,"[0.004807499994058162, 0.004388100001960993, 0.007996800006367266, 0.007560900005046278, 0.008736699994187802, 0.010219699994195253, 0.007874500006437302, 0.008867099997587502, 0.009755900013260543, 0.00995199999306351, 0.007810699986293912, 0.008300699992105365, 0.010166299995034933, 0.009165700001176447, 0.010776599985547364, 0.01222190004773438, 0.010876899992581457, 0.009503699955530465, 0.011598200013395399, 0.011723500036168844, 0.015360099961981177, 0.012001600000075996, 0.013229500036686659, 0.009334900008980185, 0.010248499980662018, 0.00862139998935163, 0.011532899981830269, 0.011687799997162074, 0.013479100016411394, 0.008509800012689084, 0.01254179998068139, 0.015605500026140362, 0.012369600008241832, 0.010416199977044016, 0.01232849998632446, 0.016166699992027134, 0.01755410002078861, 0.016758000012487173, 0.01442640001187101, 0.01310019998345524, 0.01434789999620989, 0.012616300024092197, 0.011916199990082532, 0.011825399997178465, 0.015368999971542507, 0.012127500027418137, 0.012896800006274134, 0.011072399967815727, 0.011767300020437688, 0.011951699969358742, 0.01230930001474917, 0.016516700037755072, 0.009482999972533435, 0.01254630001494661, 0.012426799978129566, 0.00991349999094382, 0.010887600015848875, 0.010103499982506037, 0.00995060004061088, 0.01866199995856732, 0.011641899996902794, 0.019753100001253188, 0.012229500047396868]",0.7578539848327637,1787907423.3354053,128,64,True,,200,magna incididunt Lorem elit adipiscing ipsum et sit tempor aliqua. labore dolor dolore ut eiusmod do consectetur sed amet amet tempor sed ut eiusmod Lorem et sit dolor aliqua. adipiscing do magna consectetur elit incididunt dolore labore ipsum magna consectetur sit aliqua. et Lorem dolor sed eiusmod ut incididunt dolore tempor do labore amet elit ipsum adipiscing eiusmod magna tempor ipsum et amet ut sit Lorem incididunt dolore sed aliqua. dolor consectetur adipiscing elit labore do consectetur Lorem ipsum sed aliqua. eiusmod ut amet magna sit adipiscing elit dolor labore tempor do dolore et incididunt aliqua. elit ipsum magna et sed Lorem dolore ut do adipiscing incididunt amet dolor eiusmod sit consectetur labore tempor eiusmod dolor sed Lorem tempor incididunt et, factors factors factors factors factors factors factors factors factors factors factors factors factors factors factors factors factors factors factors factors factors factors factors factors factors factors factors factors factors factors factors factors factors factors factors factors factors factors factors factors factors factors factors factors factors factors factors factors factors factors factors factors factors factors factors factors factors factors factors factors factors factors factors factors,,
req-0004-147725,synthetic,1787907418.6323273,1787907424.1983032,5.565975904464722,0.7989659000304528,0.024978879364281302,"[0.00723759998800233, 0.007174599973950535, 0.01040959998499602, 0.007614600006490946, 0.00899350002873689, 0.009857999975793064, 0.01113270001951605, 0.007659299997612834, 0.01008530001854524, 0.013314899988472462, 0.012532399967312813, 0.014599300047848374, 0.010486999992281199, 0.012334799976088107, 0.010930999997071922, 0.010790000029373914, 0.01179949997458607, 0.012579999980516732, 0.014738700003363192, 0.010817000002134591, 0.011740699992515147, 0.013885400025174022, 0.012696999998297542, 0.024688799981959164, 0.00809550000121817, 0.011454600025899708, 0.01052239997079596, 0.012777100026141852, 0.008488300023600459, 0.013176999986171722, 0.010527600010391325, 0.010958099970594049, 0.009531499992590398, 0.013031200040131807, 0.013654499955009669, 0.0147879000287503, 0.01197579997824505, 0.011979200004134327, 0.010980400023981929, 0.011750300007406622, 0.01284099998883903, 0.011871700000483543, 0.01238009997177869, 0.01211230002809316, 0.010730099980719388, 0.012827300000935793, 0.012113699980545789, 0.012344500049948692, 0.011504800000693649, 0.01099039998371154, 0.010976599995046854, 0.010077200015075505, 0.013569600007031113, 0.011330499954055995, 0.011502800043672323, 0.01262779999524355, 0.009401299990713596, 0.009264299995265901, 0.008557899971492589, 0.010871600010432303, 0.012182000034954399, 0.015569899987895042, 0.856228899967391]",2.3997838497161865,1787907426.598087,128,64,True,,200,eiusmod labore adipiscing et incididunt tempor do consectetur sit amet magna ut Lorem ipsum dolor aliqua. dolore elit sed tempor dolor elit aliqua. ipsum consectetur labore sit incididunt ut eiusmod do sed magna adipiscing amet dolore Lorem et do Lorem dolore aliqua. elit labore adipiscing consectetur ipsum magna eiusmod incididunt ut sed dolor sit et amet tempor sed ut adipiscing consectetur ipsum dolor magna tempor dolore aliqua. eiusmod et incididunt labore amet do sit elit Lorem eiusmod labore sed et sit tempor amet consectetur do ut magna dolore elit adipiscing incididunt ipsum dolor aliqua. Lorem consectetur ut elit magna labore amet aliqua. dolor do et incididunt dolore adipiscing Lorem tempor eiusmod ipsum sit sed eiusmod sit ipsum incididunt elit aliqua, factors factors factors factors factors factors factors factors factors factors factors factors factors factors factors factors factors factors factors factors factors factors factors factors factors factors factors factors factors factors factors factors factors factors factors factors factors factors factors factors factors factors factors factors factors factors factors factors factors factors factors factors factors factors factors factors factors factors factors factors factors factors factors factors,,
req-0005-dd9caa,synthetic,1787907418.6323273,1787907424.9623344,6.330007076263428,0.03848259994992986,0.011447652381667424,"[0.00721539999358356, 0.008520300034433603, 0.0072051999741233885, 0.007198100036475807, 0.00860810000449419, 0.009205899958033115, 0.010059899999760091, 0.00949710002169013, 0.00931629998376593, 0.012843000004068017, 0.011325200030114502, 0.015799299988429993, 0.012044299975968897, 0.009731600002851337, 0.011308800021652132, 0.01194920000853017, 0.011800099979154766, 0.011674800014588982, 0.014175599964801222, 0.011202000023331493, 0.01281440001912415, 0.015084999962709844, 0.012528999999631196, 0.018654200015589595, 0.01266180002130568, 0.012966000009328127, 0.010429299960378557, 0.01001120003638789, 0.010469499975442886, 0.01117579999845475, 0.011030199995730072, 0.011845100030768663, 0.01120829995488748, 0.010898000036831945, 0.013322099985089153, 0.015016600023955107, 0.012942500005010515, 0.013200299988966435, 0.009829299990087748, 0.011812600016128272, 0.012125999957788736, 0.01295530004426837, 0.011435699998401105, 0.012552400003187358, 0.010920199973043054, 0.01180979999480769, 0.013516900013200939, 0.011058199976105243, 0.013483699993230402, 0.010767800034955144, 0.011453200015239418, 0.009292299975641072, 0.01241879997542128, 0.012293500010855496, 0.009127800003625453, 0.01219520001905039, 0.009620499971788377, 0.009439099987503141, 0.009302900056354702, 0.011134799977298826, 0.013564599968958646, 0.013170500053092837, 0.00898149999557063]",0.7612953186035156,1787907425.7236297,128,64,True,,200,et ipsum amet Lorem adipiscing magna ut consectetur sit eiusmod dolor aliqua. elit incididunt dolore do labore tempor sed Lorem ipsum aliqua. adipiscing magna tempor eiusmod ut labore dolor dolore elit et do sit consectetur incididunt sed amet amet tempor adipiscing dolor labore ipsum incididunt magna et dolore consectetur aliqua. ut elit sit Lorem sed eiusmod do dolor consectetur do adipiscing elit labore aliqua. amet magna Lorem tempor ut ipsum sit sed eiusmod incididunt et dolore dolore elit adipiscing tempor magna do ut sit dolor eiusmod aliqua. et Lorem sed labore consectetur ipsum incididunt amet eiusmod magna consectetur labore dolore et aliqua. ut elit sed do incididunt ipsum Lorem dolor sit tempor amet adipiscing consectetur do magna dolore sed aliqua. et, factors factors factors factors factors factors factors factors factors factors factors factors factors factors factors factors factors factors factors factors factors factors factors factors factors factors factors factors factors factors factors factors factors factors factors factors factors factors factors factors factors factors factors factors factors factors factors factors factors factors factors factors factors factors factors factors factors factors factors factors factors factors factors factors,,
req-0006-926564,synthetic,1787907418.6323273,1787907426.5698874,7.937560081481934,0.8066304000094533,0.026488507936139487,"[0.008024099981412292, 0.008834499982185662, 0.006340400024782866, 0.009070499974768609, 0.008542200026568025, 0.009769900003448129, 0.009405799966771156, 0.009783400048036128, 0.007920899952296168, 0.010406000015791506, 0.01046170003246516, 0.010776499984785914, 0.010646499984432012, 0.012391399999614805, 0.011115700006484985, 0.010389500006567687, 0.010752499976661056, 0.015967599989380687, 0.010448600049130619, 0.01336709997849539, 0.010616099985782057, 0.012059000029694289, 0.012288799975067377, 0.011797100014518946, 0.012113899982068688, 0.010411800001747906, 0.012208800006192178, 0.011405800003558397, 0.012964399997144938, 0.010934500023722649, 0.013030099973548204, 0.010844200034625828, 0.009789599978830665, 0.009930900007020682, 0.010677599988412112, 0.011652300017885864, 0.011764599999878556, 0.01215349999256432, 0.011450599995441735, 0.01213729998562485, 0.012071000004652888, 0.013364700018428266, 0.012493799964431673, 0.013233500008936971, 0.011639899981673807, 0.009801600011996925, 0.010954400000628084, 0.00949249998666346, 0.010287100041750818, 0.010424099978990853, 0.009586500003933907, 0.014946800016332418, 0.012954699981492013, 0.010708399990107864, 0.008982200000900775, 0.009201900043990463, 0.010429699963424355, 0.012107299990020692, 0.012076400045771152, 0.011811799951829016, 0.01151199999731034, 0.012559700000565499, 0.9834903000155464]",2.4789743423461914,1787907429.0488617,128,64,True,,200,tempor do eiusmod consectetur amet et ut magna labore ipsum Lorem dolore aliqua. sit dolor elit sed adipiscing incididunt labore ipsum sit tempor sed incididunt dolor elit consectetur do Lorem eiusmod ut magna amet dolore adipiscing et aliqua. Lorem magna sed incididunt eiusmod aliqua. labore dolore elit amet consectetur do ipsum adipiscing tempor dolor sit et ut dolor et ipsum incididunt amet adipiscing Lorem elit sed magna sit do labore tempor eiusmod dolore consectetur ut aliqua. incididunt eiusmod tempor aliqua. magna labore Lorem do ipsum sed amet dolore dolor consectetur et adipiscing elit sit ut magna ut labore aliqua. eiusmod sit elit dolor adipiscing amet incididunt tempor Lorem ipsum consectetur sed do dolore et labore ut Lorem consectetur sit incididunt eiusmod, stairs stairs stairs stairs stairs stairs stairs stairs stairs stairs stairs stairs stairs stairs stairs stairs stairs stairs stairs stairs stairs stairs stairs stairs stairs stairs stairs stairs stairs stairs stairs stairs stairs stairs stairs stairs stairs stairs stairs stairs stairs stairs stairs stairs stairs stairs stairs stairs stairs stairs stairs stairs stairs stairs stairs stairs stairs stairs stairs stairs stairs stairs stairs stairs,,
req-0007-63b03c,synthetic,1787907418.6323273,1787907427.3329487,8.700621366500854,0.042733300011605024,0.011186984127446536,"[0.00863340002251789, 0.008559799985960126, 0.007813000003807247, 0.008373100019525737, 0.007968299963977188, 0.009796600032132119, 0.009400999988429248, 0.008533200016245246, 0.009247599984519184, 0.009322999976575375, 0.011099299998022616, 0.00997130002360791, 0.011872900009620935, 0.012233899964485317, 0.010403299995232373, 0.011224900023080409, 0.011383800010662526, 0.015354599978309125, 0.011720500013325363, 0.011273299984168261, 0.011863899999298155, 0.011593100032769144, 0.012355599959846586, 0.01174159999936819, 0.012252699991222471, 0.01031960005639121, 0.01171799999428913, 0.01153859996702522, 0.01182760001393035, 0.011139700014609843, 0.015572700009215623, 0.010874299972783774, 0.010048499971162528, 0.009025300038047135, 0.010572099999990314, 0.011134599975775927, 0.012186700012534857, 0.010953999997582287, 0.012656999984756112, 0.012143600033596158, 0.012068899988662452, 0.013399799994658679, 0.011553200019989163, 0.013266399968415499, 0.010786700004246086, 0.009200300031807274, 0.010749199951533228, 0.009797700040508062, 0.010131999966688454, 0.009853900002781302, 0.010293800034560263, 0.012632999976631254, 0.012205099978018552, 0.010482600016985089, 0.012385000009089708, 0.009442800015676767, 0.011838099977467209, 0.012579700036440045, 0.012474699993617833, 0.01097279996611178, 0.011536500009242445, 0.012507300009019673, 0.018914500018581748]",0.7488079071044922,1787907428.0817566,128,64,True,,200,tempor ipsum eiusmod sed do aliqua. dolore et consectetur elit sit incididunt dolor amet magna adipiscing labore ut Lorem ipsum eiusmod adipiscing aliqua. dolor sit dolore tempor labore elit incididunt Lorem do ut consectetur sed et amet magna et sit magna elit ut aliqua. tempor do dolor amet adipiscing labore consectetur Lorem sed eiusmod dolore incididunt ipsum do dolor et consectetur tempor ipsum ut labore adipiscing elit amet aliqua. incididunt sit Lorem dolore eiusmod magna sed ipsum amet tempor et ut elit sed adipiscing Lorem labore do incididunt consectetur aliqua. eiusmod dolor sit magna dolore Lorem aliqua. eiusmod amet tempor labore dolor dolore et incididunt sit adipiscing magna consectetur sed ut ipsum elit do labore Lorem aliqua. tempor dolor dolore, factors factors factors factors factors factors factors factors factors factors factors factors factors factors factors factors factors factors factors factors factors factors factors factors factors factors factors factors factors factors factors factors factors factors factors factors factors factors factors factors factors factors factors factors factors factors factors factors factors factors factors factors factors factors factors factors factors factors factors factors factors factors factors factors,,
req-0008-4608a3,synthetic,1787907418.6323273,1787907429.0440981,10.411770820617676,0.7891366999829188,0.012210761904642577,"[0.007619499985594302, 0.006392200011759996, 0.006804400007240474, 0.00975049997214228, 0.007271900016348809, 0.00699159997748211, 0.00725110003259033, 0.009418800007551908, 0.008802699972875416, 0.008782299992162734, 0.008092300035059452, 0.011848900001496077, 0.011043099977541715, 0.009859599987976253, 0.011436700006015599, 0.012657799990847707, 0.010345400020014495, 0.011383900011423975, 0.013736799999605864, 0.012942200002726167, 0.011741900001652539, 0.008509000006597489, 0.009976200002711266, 0.011755699990317225, 0.011098999995738268, 0.013894599978812039, 0.020436500024516135, 0.01679550000699237, 0.01474039995810017, 0.013096900016535074, 0.014604100026190281, 0.012331099947914481, 0.01585480000358075, 0.014031000027898699, 0.014444999978877604, 0.010332300036679953, 0.017796600004658103, 0.010151599999517202, 0.011428400001022965, 0.013708199956454337, 0.012858300004154444, 0.014042199996765703, 0.014267000020481646, 0.013805900001898408, 0.014125399990007281, 0.013541200023610145, 0.014948799973353744, 0.014759299985598773, 0.013206900039222091, 0.013256300007924438, 0.01191189995734021, 0.013196300016716123, 0.015345300023909658, 0.013502599962521344, 0.013235600024927408, 0.012986399990040809, 0.014821199991274625, 0.015623899991624057, 0.011954299989156425, 0.011709400045219809, 0.015357600001152605, 0.009338899981230497, 0.012322800001129508]",1.5599205493927002,1787907430.6040187,128,64,True,,200,dolor magna sit elit labore ipsum do incididunt tempor sed ut et consectetur dolore adipiscing Lorem eiusmod aliqua. amet dolor sed ut et consectetur incididunt eiusmod elit aliqua. sit ipsum labore amet dolore adipiscing do magna tempor Lorem eiusmod adipiscing incididunt do magna dolor consectetur ipsum Lorem ut aliqua. tempor sed elit dolore et amet sit labore magna sit dolor aliqua. adipiscing dolore elit ut Lorem tempor amet incididunt sed labore eiusmod consectetur do et ipsum Lorem dolor labore ut amet tempor do consectetur dolore ipsum aliqua. magna elit sit incididunt et eiusmod sed adipiscing incididunt ipsum do sit dolor magna Lorem consectetur amet dolore sed et labore aliqua. tempor ut adipiscing elit eiusmod incididunt tempor labore et Lorem consectetur aliqua, factors factors factors factors factors factors factors factors factors factors factors factors factors factors factors factors factors factors factors factors factors factors factors factors factors factors factors factors factors factors factors factors factors factors factors factors factors factors factors factors factors factors factors factors factors factors factors factors factors factors factors factors factors factors factors factors factors factors factors factors factors factors factors factors,,
req-0009-b4f23c,synthetic,1787907418.6323273,1787907429.7986,11.166272640228271,0.03324599994812161,0.025788338095437558,"[0.007202200009487569, 0.007107000041287392, 0.006874199956655502, 0.007222300046123564, 0.009215299971401691, 0.006953699979931116, 0.007674100052099675, 0.011902599944733083, 0.0090288000064902, 0.009017300035338849, 0.008219200011808425, 0.00871619995450601, 0.010848100006114691, 0.01057869999203831, 0.012614200008101761, 0.012444599997252226, 0.011912700021639466, 0.010025799972936511, 0.014372100005857646, 0.012557600042782724, 0.021236699947621673, 0.009219400002621114, 0.011430200014729053, 0.011851100018247962, 0.011482100002467632, 0.027794599998742342, 0.010729999979957938, 0.013979899988044053, 0.01480710000032559, 0.01207520003663376, 0.012862899980973452, 0.016126699978485703, 0.014238000032491982, 0.01311080000596121, 0.010891099984291941, 0.021028699993621558, 0.010009600024204701, 0.010381900006905198, 0.012579199974425137, 0.013357500021811575, 0.012742599996272475, 0.014240099990274757, 0.0153388999751769, 0.01505310001084581, 0.012419699982274324, 0.014424499997403473, 0.016495400050189346, 0.012401899963151664, 0.010737700038589537, 0.015140099974814802, 0.011587399989366531, 0.014872600033413619, 0.014408099988941103, 0.012043199967592955, 0.013748500030487776, 0.015466300013940781, 0.013671499968040735, 0.012770200031809509, 0.013415499997790903, 0.012770699977409095, 0.009410099999513477, 0.01548569998703897, 0.8523420999990776]",1.659816026687622,1787907431.458416,128,64,True,,200,Lorem eiusmod amet ut elit adipiscing ipsum sit sed et consectetur magna incididunt labore do tempor dolor aliqua. dolore magna sit ut et elit labore sed ipsum dolore eiusmod consectetur incididunt do dolor amet adipiscing Lorem aliqua. tempor Lorem adipiscing sit eiusmod elit ut et sed aliqua. magna dolor consectetur incididunt labore do dolore ipsum tempor amet sit et sed ut eiusmod dolore magna ipsum tempor aliqua. Lorem incididunt adipiscing dolor labore elit amet do consectetur adipiscing eiusmod consectetur do ipsum dolore incididunt tempor amet elit ut labore magna Lorem sed et sit dolor aliqua. ut amet dolore elit eiusmod sit sed consectetur incididunt labore aliqua. dolor do Lorem ipsum magna et adipiscing tempor Lorem ipsum consectetur labore do dolore adipiscing dolor, stairs stairs stairs stairs stairs stairs stairs stairs stairs stairs stairs stairs stairs stairs stairs stairs stairs stairs stairs stairs stairs stairs stairs stairs stairs stairs stairs stairs stairs stairs stairs stairs stairs stairs stairs stairs stairs stairs stairs stairs stairs stairs stairs stairs stairs stairs stairs stairs stairs stairs stairs stairs stairs stairs stairs stairs stairs stairs stairs stairs stairs stairs stairs stairs,,
req-0010-e686a3,synthetic,1787907418.6323273,1787907431.4542162,12.82188892364502,0.7671293999883346,0.011496328571367832,"[0.010188399988692254, 0.007759900006931275, 0.00800049997633323, 0.007318800024222583, 0.009524199995212257, 0.008768700005020946, 0.009657799964770675, 0.010540100047364831, 0.009969000006094575, 0.011006599990651011, 0.008497599977999926, 0.011599100020248443, 0.010153899958822876, 0.01044850004836917, 0.011391699954401702, 0.012381000036839396, 0.012494699971284717, 0.01216390001354739, 0.010924900008831173, 0.013428899983409792, 0.012366099981591105, 0.012671400036197156, 0.012296399974729866, 0.012230199994519353, 0.016284700017422438, 0.012210800021421164, 0.012093700002878904, 0.009584299987182021, 0.010043199989013374, 0.013878100027795881, 0.015113100002054125, 0.012525099969934672, 0.01158330001635477, 0.014964499976485968, 0.01075800001854077, 0.01399830001173541, 0.01059629995143041, 0.011489399999845773, 0.012553800013847649, 0.01248249999480322, 0.010073999990709126, 0.014184700034093112, 0.010753899987321347, 0.013229100033640862, 0.008970599970780313, 0.010049299977254122, 0.0094706000527367, 0.009888799977488816, 0.014037100016139448, 0.012084899994079024, 0.011678599985316396, 0.012416900019161403, 0.013105399964842945, 0.009681000025011599, 0.012984099972527474, 0.0122871000203304, 0.01219059998402372, 0.011134000029414892, 0.014722299994900823, 0.010036899999249727, 0.011400299961678684, 0.012657000042963773, 0.011290099995676428]",2.3303511142730713,1787907433.7845674,128,64,True,,200,eiusmod ut tempor elit sed consectetur sit et aliqua. magna incididunt adipiscing do dolor Lorem labore amet ipsum dolore dolor amet sed incididunt tempor labore magna do dolore Lorem eiusmod elit ut sit consectetur aliqua. et adipiscing ipsum tempor Lorem dolore dolor sit magna et elit amet incididunt ipsum aliqua. consectetur eiusmod adipiscing do sed ut labore consectetur adipiscing magna Lorem et amet aliqua. incididunt sed dolor dolore do sit eiusmod ipsum ut tempor labore elit Lorem do aliqua. et sed amet consectetur tempor incididunt magna dolor elit labore ut adipiscing sit dolore ipsum eiusmod et sed adipiscing dolor elit sit consectetur magna eiusmod ipsum tempor amet do Lorem dolore ut labore aliqua. incididunt amet aliqua. ipsum dolor do, stairs stairs stairs stairs stairs stairs stairs stairs stairs stairs stairs stairs stairs stairs stairs stairs stairs stairs stairs stairs stairs stairs stairs stairs stairs stairs stairs stairs stairs stairs stairs stairs stairs stairs stairs stairs stairs stairs stairs stairs stairs stairs stairs stairs stairs stairs stairs stairs stairs stairs stairs stairs stairs stairs stairs stairs stairs stairs stairs stairs stairs stairs stairs stairs,,
req-0011-8cc371,synthetic,1787907418.6323273,1787907432.192036,13.559708595275879,0.039730200020130724,0.011327676190477278,"[0.007282999984454364, 0.007476800004951656, 0.008797499991487712, 0.009025699982885271, 0.008093299984466285, 0.009921400051098317, 0.010940299951471388, 0.00879500003065914, 0.01087210001423955, 0.01163349999114871, 0.008718999975826591, 0.012527699989732355, 0.00946600001771003, 0.011199900007341057, 0.012694599980022758, 0.011621300014667213, 0.011613000009674579, 0.012099999992642552, 0.0120009999955073, 0.012982600019313395, 0.013292699994053692, 0.011256799974944443, 0.012835400004405528, 0.015489200013689697, 0.012374899990390986, 0.011910200002603233, 0.011988500016741455, 0.009915200003888458, 0.012203599966596812, 0.01618820003932342, 0.012095999962184578, 0.011592800030484796, 0.013125700003001839, 0.012909399985801429, 0.012459499994292855, 0.01232249999884516, 0.01097579998895526, 0.011786999995820224, 0.010807100043166429, 0.010120399994775653, 0.012375999998766929, 0.010934699967037886, 0.011326200037728995, 0.010344699956476688, 0.00880380003945902, 0.01041869999608025, 0.00963939999928698, 0.00946879998082295, 0.013923900027293712, 0.012182999984361231, 0.011796100006904453, 0.011535099998582155, 0.011128899990580976, 0.00829099997645244, 0.011629600019659847, 0.012413199990987778, 0.01228389999596402, 0.011624200036749244, 0.01364689995534718, 0.010865100019145757, 0.012080700020305812, 0.011610999994445592, 0.011904100014362484]",0.7551274299621582,1787907432.9471633,128,64,True,,200,tempor labore ipsum ut dolore Lorem elit consectetur amet do incididunt et magna sit aliqua. eiusmod sed dolor adipiscing tempor sit Lorem adipiscing et eiusmod aliqua. dolore incididunt sed magna labore ut do consectetur elit ipsum amet dolor ut dolor ipsum dolore incididunt aliqua. elit magna sed labore sit tempor consectetur adipiscing et amet Lorem do eiusmod dolor eiusmod do labore amet tempor ut ipsum adipiscing elit consectetur sed Lorem incididunt sit aliqua. dolore magna et do labore sit sed et consectetur aliqua. Lorem ut ipsum amet tempor dolore elit magna adipiscing eiusmod dolor incididunt magna Lorem tempor sit elit labore dolor eiusmod dolore do ipsum consectetur amet aliqua. sed incididunt et adipiscing ut dolor dolore amet et labore tempor sed, stairs stairs stairs stairs stairs stairs stairs stairs stairs stairs stairs stairs stairs stairs stairs stairs stairs stairs stairs stairs stairs stairs stairs stairs stairs stairs stairs stairs stairs stairs stairs stairs stairs stairs stairs stairs stairs stairs stairs stairs stairs stairs stairs stairs stairs stairs stairs stairs stairs stairs stairs stairs stairs stairs stairs stairs stairs stairs stairs stairs stairs stairs stairs stairs,,
req-0012-9b0e70,synthetic,1787907418.6323273,1787907433.7832737,15.150946378707886,0.7565720999846235,0.025222592063189025,"[0.008522799995262176, 0.009095099987462163, 0.007849099987652153, 0.009433200000785291, 0.009458400018047541, 0.010223900026176125, 0.010428099951241165, 0.009236600017175078, 0.01253730000462383, 0.011371099972166121, 0.0164504999993369, 0.012560300005134195, 0.015401100041344762, 0.01262039999710396, 0.011545699962880462, 0.011705100012477487, 0.012862600036896765, 0.011987799953203648, 0.012082100030966103, 0.012169699999503791, 0.012830199964810163, 0.012566500052344054, 0.013952399953268468, 0.011450299993157387, 0.01435680000577122, 0.015564000001177192, 0.012009300000499934, 0.012264400022104383, 0.012026400014292449, 0.01397009997162968, 0.013372800021898001, 0.011968799983151257, 0.010123400017619133, 0.014690599986352026, 0.01273439999204129, 0.015217199979815632, 0.015550800017081201, 0.014811100030783564, 0.01341739995405078, 0.013886400032788515, 0.01270319998729974, 0.014184999978169799, 0.014108200033660978, 0.011907999985851347, 0.011615000024903566, 0.01134599995566532, 0.010465200000908226, 0.010505600017495453, 0.011150000034831464, 0.014252499968279153, 0.014354599989019334, 0.014076500025112182, 0.012486199964769185, 0.010557500005234033, 0.011396100046113133, 0.010337899962905794, 0.010064000030979514, 0.011508099967613816, 0.01671850000275299, 0.859828100015875, 0.0010436999727971852, 5.860003875568509e-05, 5.059997783973813e-05]",2.3471333980560303,1787907436.130407,128,64,True,,200,elit eiusmod amet adipiscing tempor Lorem dolor ut et ipsum aliqua. labore sit incididunt magna consectetur do sed dolore eiusmod incididunt labore magna do sit dolore ut sed amet elit tempor adipiscing aliqua. Lorem ipsum et consectetur dolor incididunt sed elit amet ipsum Lorem magna consectetur dolor ut sit dolore eiusmod aliqua. adipiscing et labore do tempor elit dolor do sit ipsum consectetur sed Lorem dolore aliqua. adipiscing magna labore ut incididunt eiusmod tempor amet et tempor magna incididunt do consectetur sed ut amet sit dolor labore elit ipsum eiusmod Lorem et dolore adipiscing aliqua. eiusmod dolore do tempor ut adipiscing et labore ipsum magna sed sit incididunt Lorem consectetur aliqua. elit amet dolor elit do sit amet magna dolor tempor, factors factors factors factors factors factors factors factors factors factors factors factors factors factors factors factors factors factors factors factors factors factors factors factors factors factors factors factors factors factors factors factors factors factors factors factors factors factors factors factors factors factors factors factors factors factors factors factors factors factors factors factors factors factors factors factors factors factors factors factors factors factors factors factors,,
req-0013-060696,synthetic,1787907418.6323273,1787907434.4939406,15.861613273620605,0.031188299995847046,0.011925395238139326,"[0.004536900029052049, 0.004963599960319698, 0.005427199997939169, 0.007648700033314526, 0.009546599991153926, 0.008734999981243163, 0.007944200013298541, 0.011730099970009178, 0.007612900051753968, 0.010410299990326166, 0.010615099978167564, 0.010444800020195544, 0.01171649998286739, 0.009585099993273616, 0.013761600013822317, 0.015065499988850206, 0.012890300014987588, 0.012523000012151897, 0.012227899977006018, 0.011040500015951693, 0.012936499959323555, 0.011819400009699166, 0.01251359999878332, 0.01164550002431497, 0.012748599983751774, 0.012884700030554086, 0.012246700003743172, 0.012730299960821867, 0.013217800005804747, 0.014618500019423664, 0.012052299978677183, 0.012367099989205599, 0.014046300027985126, 0.012695299985352904, 0.013823200017213821, 0.01283959997817874, 0.009945600002538413, 0.016144199995324016, 0.0129700000397861, 0.019953299954067916, 0.014738600002601743, 0.014424699998926371, 0.012597099994309247, 0.013199300039559603, 0.013294600008521229, 0.013285399996675551, 0.013604399980977178, 0.013365200022235513, 0.011371599975973368, 0.011102100019343197, 0.010944299981929362, 0.01126599998679012, 0.015671600005589426, 0.013920400000642985, 0.013145999982953072, 0.011928300024010241, 0.009945300000254065, 0.011012899980414659, 0.011207600007764995, 0.010238200018648058, 0.011795700003858656, 0.01426919997902587, 0.012347100011538714]",0.7838194370269775,1787907435.27776,128,64,True,,200,sit elit magna sed ut consectetur Lorem adipiscing eiusmod amet incididunt et dolor ipsum dolore labore tempor aliqua. do Lorem et aliqua. labore magna adipiscing do ipsum ut sed sit amet dolor dolore tempor eiusmod incididunt consectetur elit ut consectetur aliqua. magna sit eiusmod tempor amet do dolor ipsum et incididunt dolore sed Lorem labore adipiscing elit Lorem dolore magna eiusmod do ipsum consectetur aliqua. elit sit labore sed dolor et adipiscing amet incididunt ut tempor labore consectetur dolor eiusmod adipiscing et Lorem magna sed sit elit ut incididunt aliqua. amet tempor ipsum do dolore dolor eiusmod incididunt sit sed amet elit ipsum consectetur magna dolore aliqua. labore adipiscing Lorem ut do tempor et ut elit ipsum dolore eiusmod sit do aliqua, factors factors factors factors factors factors factors factors factors factors factors factors factors factors factors factors factors factors factors factors factors factors factors factors factors factors factors factors factors factors factors factors factors factors factors factors factors factors factors factors factors factors factors factors factors factors factors factors factors factors factors factors factors factors factors factors factors factors factors factors factors factors factors factors,,
req-0014-1116a6,synthetic,1787907418.6323273,1787907436.1251986,17.492871284484863,0.8096692000399344,0.011290495237705134,"[0.006738899974152446, 0.006809299986343831, 0.008326000010129064, 0.00922599999466911, 0.009193300036713481, 0.00996229995507747, 0.009531799994874746, 0.010627100011333823, 0.011410400038585067, 0.011866799963172525, 0.011443600000347942, 0.012520199990831316, 0.01216990000102669, 0.01513160002650693, 0.013597299985121936, 0.01186040003085509, 0.012887199991382658, 0.009826299967244267, 0.011373699991963804, 0.00985280005261302, 0.010512499953620136, 0.012012300023343414, 0.01800909999292344, 0.013060700031928718, 0.01035799999954179, 0.010393899981863797, 0.009706999990157783, 0.00916209997376427, 0.010065500042401254, 0.010066499991808087, 0.01321140001527965, 0.01481899997452274, 0.012226800026837736, 0.011644799960777164, 0.01032669999403879, 0.01017720001982525, 0.010751800029538572, 0.010821199975907803, 0.010982699983287603, 0.013259100029245019, 0.011564399988856167, 0.010865500022191554, 0.012043699971400201, 0.014083300018683076, 0.012004499963950366, 0.01037140004336834, 0.011281899991445243, 0.0105665999581106, 0.010929500043857843, 0.013782099995296448, 0.011487699986901134, 0.013186500000301749, 0.009383500029798597, 0.013878999976441264, 0.012579499976709485, 0.011194200022146106, 0.009643099969252944, 0.0102082000230439, 0.012425200024154037, 0.011503799993079156, 0.01132529997266829, 0.011125000019092113, 0.009944099991116673]",1.5221967697143555,1787907437.6473954,128,64,True,,200,dolore magna consectetur do Lorem ipsum adipiscing tempor sit et dolor elit labore sed amet incididunt ut eiusmod aliqua. dolor Lorem adipiscing elit magna tempor dolore sed sit ipsum labore do et ut eiusmod incididunt consectetur aliqua. amet magna do sit incididunt amet labore ipsum Lorem dolore et adipiscing ut dolor aliqua. elit consectetur eiusmod tempor sed aliqua. Lorem consectetur sit ipsum do dolore sed dolor eiusmod tempor et labore amet adipiscing ut incididunt elit magna elit adipiscing magna aliqua. sit incididunt tempor dolor ut consectetur eiusmod do Lorem sed amet dolore labore et ipsum ut amet dolore magna sed dolor do eiusmod adipiscing ipsum incididunt elit tempor et labore aliqua. Lorem consectetur sit do ipsum tempor sit amet eiusmod, factors factors factors factors factors factors factors factors factors factors factors factors factors factors factors factors factors factors factors factors factors factors factors factors factors factors factors factors factors factors factors factors factors factors factors factors factors factors factors factors factors factors factors factors factors factors factors factors factors factors factors factors factors factors factors factors factors factors factors factors factors factors factors factors,,
req-0015-66f179,synthetic,1787907418.6323273,1787907436.8984256,18.266098260879517,0.037583099969197065,0.026120588889286395,"[0.0068734000087715685, 0.006682200008071959, 0.007778400031384081, 0.008275299973320216, 0.009933899971656501, 0.00810880004428327, 0.011222400004044175, 0.009339399985037744, 0.011469999968539923, 0.01263650000328198, 0.011431700026150793, 0.013423600001260638, 0.011759300017729402, 0.015131399966776371, 0.013104400015436113, 0.012343899987172335, 0.012412199983373284, 0.011293000017758459, 0.012368700001388788, 0.009876099997200072, 0.012870000035036355, 0.01309879997279495, 0.017198799992911518, 0.012601900030858815, 0.011532399978023022, 0.009438899985980242, 0.009981299983337522, 0.009044400008860976, 0.00995199999306351, 0.010551100014708936, 0.01579370000399649, 0.010631199984345585, 0.012101200001779944, 0.010715800046455115, 0.010587800003122538, 0.009888699976727366, 0.01130620000185445, 0.01126310002291575, 0.009748699958436191, 0.01162030000705272, 0.011174999992363155, 0.010865300020668656, 0.012054799997713417, 0.01141269999789074, 0.01070159999653697, 0.011424999975133687, 0.011406000005081296, 0.010056900035124272, 0.011218199972063303, 0.012859400012530386, 0.011709399987012148, 0.01130320003721863, 0.012709299975540489, 0.012375699996482581, 0.013524600013624877, 0.012239100004080683, 0.029078599996864796, 0.01208829996176064, 0.012081900029443204, 0.011692499974742532, 0.010794200003147125, 0.9356475000386126, 0.0017869999865069985]",1.6842858791351318,1787907438.5827115,128,64,True,,200,incididunt adipiscing amet eiusmod elit sed ipsum do ut tempor aliqua. Lorem dolor magna et dolore sit labore consectetur sit magna elit amet Lorem do dolor adipiscing et sed dolore ipsum aliqua. incididunt eiusmod consectetur tempor labore ut adipiscing Lorem dolore labore consectetur et aliqua. ut ipsum tempor magna elit sit incididunt do amet dolor eiusmod sed aliqua. et ipsum consectetur amet magna dolore dolor sed adipiscing do ut Lorem sit elit eiusmod labore incididunt tempor sit adipiscing Lorem consectetur ut tempor dolor eiusmod labore dolore elit amet magna sed aliqua. do et incididunt ipsum tempor elit ut sed Lorem incididunt do sit dolore et magna consectetur eiusmod adipiscing aliqua. ipsum amet labore dolor aliqua. ipsum elit do incididunt, factors factors factors factors factors factors factors factors factors factors factors factors factors factors factors factors factors factors factors factors factors factors factors factors factors factors factors factors factors factors factors factors factors factors factors factors factors factors factors factors factors factors factors factors factors factors factors factors factors factors factors factors factors factors factors factors factors factors factors factors factors factors factors factors,,
req-0016-eed885,synthetic,1787907418.6323273,1787907438.5775554,19.945228099822998,0.7524913999950513,0.010956449205950198,"[0.007897600007709116, 0.00889699999243021, 0.007714100007433444, 0.008033699996303767, 0.008047299983445555, 0.010275900014676154, 0.009161299967672676, 0.007163000002037734, 0.01287530001718551, 0.009103599993977696, 0.009527400019578636, 0.012259299983270466, 0.009584999992512167, 0.01245290000224486, 0.009684499993454665, 0.009585599997080863, 0.010599000030197203, 0.009509600000455976, 0.010416099976282567, 0.010858100024051964, 0.00994749995879829, 0.01216400001430884, 0.012084399990271777, 0.010144100000616163, 0.012099400046281517, 0.011799199972301722, 0.0121254000114277, 0.010827000020071864, 0.01185269997222349, 0.011677799979224801, 0.012659400003030896, 0.0115609000204131, 0.01197430002503097, 0.009303400001954287, 0.010595499945338815, 0.011773100006394088, 0.014440700004342943, 0.012489000044297427, 0.012700899969786406, 0.012156200013123453, 0.013593200012110174, 0.009740899957250804, 0.011603499995544553, 0.010741500009316951, 0.011690400016959757, 0.011958400020375848, 0.010904899972956628, 0.012558899994473904, 0.012237099988851696, 0.010274000000208616, 0.009230200026649982, 0.010108300019055605, 0.008241699950303882, 0.009607800049707294, 0.010494999994989485, 0.011959099967498332, 0.013430999999400228, 0.010822699987329543, 0.012050600023940206, 0.013108699989970773, 0.011942600016482174, 0.013303900021128356, 0.01263069995911792]",1.4447910785675049,1787907440.0223465,128,64,True,,200,amet et dolor aliqua. do dolore consectetur eiusmod ipsum adipiscing Lorem ut sit tempor incididunt elit sed labore magna ipsum dolor Lorem elit et aliqua. labore tempor sed dolore amet do eiusmod adipiscing sit ut magna consectetur incididunt labore sit aliqua. sed incididunt adipiscing do dolor eiusmod amet et dolore consectetur Lorem ipsum magna tempor elit ut ut adipiscing ipsum Lorem aliqua. sed consectetur tempor magna labore amet eiusmod dolor sit elit et do incididunt dolore incididunt aliqua. consectetur dolor magna dolore tempor adipiscing eiusmod elit amet ipsum ut sit et Lorem do labore sed tempor consectetur dolore magna do sed elit et eiusmod ipsum incididunt adipiscing aliqua. dolor labore sit amet ut Lorem amet adipiscing tempor et elit aliqua., factors factors factors factors factors factors factors factors factors factors factors factors factors factors factors factors factors factors factors factors factors factors factors factors factors factors factors factors factors factors factors factors factors factors factors factors factors factors factors factors factors factors factors factors factors factors factors factors factors factors factors factors factors factors factors factors factors factors factors factors factors factors factors factors,,
req-0017-c86f4f,synthetic,1787907418.6323273,1787907439.2981112,20.665783882141113,0.034432999964337796,0.010900769840985064,"[0.0064353999914601445, 0.007574899995233864, 0.007789199997205287, 0.008038100029807538, 0.00894590001553297, 0.0093813999556005, 0.00785700004780665, 0.00974889995995909, 0.010234699991997331, 0.00847180001437664, 0.009807199996430427, 0.008926400041673332, 0.010537799971643835, 0.012235899979714304, 0.008785000012721866, 0.01066750002792105, 0.01310619997093454, 0.008875900006387383, 0.010856900014914572, 0.011123600008431822, 0.011034499970264733, 0.01108229998499155, 0.012166600034106523, 0.012593199964612722, 0.012345600000116974, 0.011505300004500896, 0.014155600045341998, 0.008989299996756017, 0.011525099980644882, 0.011290299997199327, 0.012216200004331768, 0.011370999971404672, 0.010635900020133704, 0.00930149998748675, 0.010936100035905838, 0.011166499985847622, 0.01580410002497956, 0.014490999979898334, 0.01158759999088943, 0.012662100023590028, 0.0112498999806121, 0.010745799983851612, 0.012628800002858043, 0.011205499991774559, 0.011910300003364682, 0.01205439999466762, 0.010838899994269013, 0.010639700049068779, 0.012343799986410886, 0.009040399978403002, 0.009057799994479865, 0.01034770003752783, 0.00843029998941347, 0.009823400003369898, 0.012185500003397465, 0.012566399993374944, 0.011836999969091266, 0.01238920004107058, 0.011973699962254614, 0.011538400023709983, 0.01223809999646619, 0.01480120001360774, 0.010642799956258386]",0.7234325408935547,1787907440.0215437,128,64,True,,200,dolore aliqua. dolor amet ipsum adipiscing elit eiusmod labore et tempor ut Lorem sit sed do magna incididunt consectetur incididunt aliqua. magna sit dolore ipsum labore dolor ut do eiusmod Lorem et adipiscing amet sed tempor elit consectetur sit eiusmod dolore sed incididunt adipiscing Lorem labore tempor aliqua. ut consectetur amet magna ipsum do elit dolor et ipsum labore elit incididunt consectetur et magna amet ut tempor do aliqua. adipiscing eiusmod sed Lorem dolore sit dolor incididunt et dolore do sed Lorem elit ipsum magna tempor amet consectetur dolor adipiscing eiusmod sit labore aliqua. ut sed aliqua. elit dolore et magna do incididunt labore ipsum eiusmod dolor tempor sit ut amet adipiscing consectetur Lorem amet elit adipiscing magna dolor aliqua, factors factors factors factors factors factors factors factors factors factors factors factors factors factors factors factors factors factors factors factors factors factors factors factors factors factors factors factors factors factors factors factors factors factors factors factors factors factors factors factors factors factors factors factors factors factors factors factors factors factors factors factors factors factors factors factors factors factors factors factors factors factors factors factors,,
