p_hot,c,load,gamma,lam_sat,lam,rho_hot_frozen,rho_B_pernode,rho_hot_full,rho_cold_node,p_hot_mix_hotnode,p_hot_mix_B,ES_hotnode,ES2_hotnode,ES_B,ES2_B,W_mean_hotnode,W_mean_B,W_mean_cold,p99w_hotnode,p95w_hotnode,p99w_B,p95w_B,p99w_cold,p99w_coldmix_A,p99_ttft_hotA,p99_ttft_hotB,p99_ttft_coldA_primary,p99_ttft_coldA_mix,p99_ttft_coldB,hot_ratio_meanW,hot_ratio_p99TTFT,cold_ratio_p99TTFT_primary,cold_ratio_p99TTFT_mix,agg_mean_ttft_A_primary,agg_mean_ttft_A_mix,agg_mean_ttft_B,agg_mean_ratio_primary,agg_mean_ratio_mix,slo_flag_hotA,slo_flag_coldA_primary,slo_flag_coldA_mix,slo_crossed_primary,slo_crossed_mix,stable_frozen,stable_full
0.5,8,0.5,0.5,8.0,4.0,0.5,0.375,0.75,0.25,0.8,0.5,0.3,0.10032552083333332,0.375,0.15657552083333331,0.5016276041666666,0.12526041666666665,0.08344184027777778,2.7377307415008545,1.7356574535369873,1.0125935077667236,0.6015598773956299,0.8347928524017334,1.8780529499053955,3.0183557415008546,1.2932185077667238,1.3654178524017335,2.4086779499053956,1.5432185077667238,4.004677754677755,2.3339874301004966,0.8847858197201799,1.5608145818514876,0.6675347222222222,0.7198079427083333,0.5002604166666667,1.3343744577477008,1.4388664757938572,True,True,False,True,False,True,True
0.5,8,0.5,1.0,4.0,2.0,0.5,0.375,0.75,0.25,0.8,0.5,0.6,0.4013020833333333,0.75,0.6263020833333333,1.0032552083333333,0.2505208333333333,0.16688368055555555,5.475431680679321,3.471285104751587,2.025216817855835,1.2031495571136475,1.669555902481079,3.7560760974884033,6.0366816806793215,2.586466817855835,2.7308059024810794,4.817326097488404,3.086466817855835,4.004677754677755,2.333949014541657,0.8847676205954377,1.5607898551247001,1.3350694444444444,1.4396158854166665,1.0005208333333333,1.3343744577477008,1.4388664757938572,True,False,False,False,False,True,True
0.5,8,0.5,2.0,2.0,1.0,0.5,0.375,0.75,0.25,0.8,0.5,1.2,1.6052083333333331,1.5,2.505208333333333,2.0065104166666665,0.5010416666666666,0.3337673611111111,10.950833559036255,6.942540407180786,4.050403833389282,2.4062693119049072,3.339141607284546,7.512181997299194,12.073333559036255,5.172903833389283,5.461641607284546,9.634681997299195,6.172903833389283,4.004677754677755,2.3339566997374117,0.8847767201138768,1.5608022184284045,2.670138888888889,2.879231770833333,2.0010416666666666,1.3343744577477008,1.4388664757938572,True,False,False,False,False,True,True
0.5,8,0.65,0.5,8.0,5.2,0.65,0.48750000000000004,0.9750000000000001,0.325,0.8,0.5,0.3,0.10032552083333332,0.375,0.15657552083333331,6.52115885416669,0.19858358739837398,0.12052710262345678,30.4814875125885,19.784659147262573,1.378864049911499,0.8459389209747314,1.0199248790740967,21.267741918563843,30.7621125125885,1.6594890499114991,1.5505498790740968,21.798366918563843,1.9094890499114991,32.83835758835771,18.537098822212204,0.8120234463486248,11.415811428494,3.6958429783950733,4.495921947337978,0.573583587398374,6.443425264586903,7.838302988637298,True,True,False,True,False,True,True
0.5,8,0.65,1.0,4.0,2.6,0.65,0.48750000000000004,0.9750000000000001,0.325,0.8,0.5,0.6,0.4013020833333333,0.75,0.6263020833333333,13.04231770833338,0.39716717479674796,0.24105420524691357,60.96300482749939,39.56928849220276,2.7577579021453857,1.6919076442718506,2.0398199558258057,42.5354540348053,61.52425482749939,3.319007902145386,3.101069955825806,43.5967040348053,3.819007902145386,32.83835758835771,18.53694135157994,0.8120093058942697,11.415714539452559,7.3916859567901465,8.991843894675956,1.147167174796748,6.443425264586903,7.838302988637298,True,False,False,False,False,True,True
0.5,8,0.65,2.0,2.0,1.3,0.65,0.48750000000000004,0.9750000000000001,0.325,0.8,0.5,1.2,1.6052083333333331,1.5,2.505208333333333,26.08463541666676,0.7943343495934959,0.48210841049382713,121.92603945732117,79.1386067867279,5.515486001968384,3.3837854862213135,4.079669713973999,85.07093787193298,123.04853945732117,6.637986001968384,6.2021697139739995,87.19343787193299,7.637986001968384,32.83835758835771,18.537029065869252,0.8120163760938602,11.415762983784257,14.783371913580293,17.98368778935191,2.294334349593496,6.443425264586903,7.838302988637298,True,False,False,False,False,True,True
0.5,8,0.8,0.5,8.0,6.4,0.8,0.6000000000000001,1.2000000000000002,0.4,0.8,0.5,0.3,0.10032552083333332,0.375,0.15657552083333331,-1.0032552083333324,0.31315104166666674,0.16688368055555555,,,,,,,,,,,,-3.2037422037422,,,,-0.043185763888888395,-0.18945312499999936,0.6881510416666667,-0.0627562283191415,-0.27530747398296973,False,False,False,False,False,True,False
0.5,8,0.8,1.0,4.0,3.2,0.8,0.6000000000000001,1.2000000000000002,0.4,0.8,0.5,0.6,0.4013020833333333,0.75,0.6263020833333333,-2.0065104166666647,0.6263020833333335,0.3337673611111111,,,,,,,,,,,,-3.2037422037422,,,,-0.08637152777777679,-0.3789062499999987,1.3763020833333335,-0.0627562283191415,-0.27530747398296973,False,False,False,False,False,True,False
0.5,8,0.8,2.0,2.0,1.6,0.8,0.6000000000000001,1.2000000000000002,0.4,0.8,0.5,1.2,1.6052083333333331,1.5,2.505208333333333,-4.0130208333333295,1.252604166666667,0.6675347222222222,,,,,,,,,,,,-3.2037422037422,,,,-0.17274305555555358,-0.7578124999999974,2.752604166666667,-0.0627562283191415,-0.27530747398296973,False,False,False,False,False,True,False
0.5,16,0.5,0.5,8.0,4.0,0.5,0.375,0.75,0.25,0.8,0.5,0.3,0.10032552083333332,0.375,0.15657552083333331,0.5016276041666666,0.12526041666666665,0.08344184027777778,2.7377307415008545,1.7356574535369873,1.0125935077667236,0.6015598773956299,0.8347928524017334,1.8780529499053955,3.0183557415008546,1.2932185077667238,1.3654178524017335,2.4086779499053956,1.5432185077667238,4.004677754677755,2.3339874301004966,0.8847858197201799,1.5608145818514876,0.6675347222222222,0.7198079427083333,0.5002604166666667,1.3343744577477008,1.4388664757938572,True,True,False,True,False,True,True
0.5,16,0.5,1.0,4.0,2.0,0.5,0.375,0.75,0.25,0.8,0.5,0.6,0.4013020833333333,0.75,0.6263020833333333,1.0032552083333333,0.2505208333333333,0.16688368055555555,5.475431680679321,3.471285104751587,2.025216817855835,1.2031495571136475,1.669555902481079,3.7560760974884033,6.0366816806793215,2.586466817855835,2.7308059024810794,4.817326097488404,3.086466817855835,4.004677754677755,2.333949014541657,0.8847676205954377,1.5607898551247001,1.3350694444444444,1.4396158854166665,1.0005208333333333,1.3343744577477008,1.4388664757938572,True,False,False,False,False,True,True
0.5,16,0.5,2.0,2.0,1.0,0.5,0.375,0.75,0.25,0.8,0.5,1.2,1.6052083333333331,1.5,2.505208333333333,2.0065104166666665,0.5010416666666666,0.3337673611111111,10.950833559036255,6.942540407180786,4.050403833389282,2.4062693119049072,3.339141607284546,7.512181997299194,12.073333559036255,5.172903833389283,5.461641607284546,9.634681997299195,6.172903833389283,4.004677754677755,2.3339566997374117,0.8847767201138768,1.5608022184284045,2.670138888888889,2.879231770833333,2.0010416666666666,1.3343744577477008,1.4388664757938572,True,False,False,False,False,True,True
0.5,16,0.65,0.5,8.0,5.2,0.65,0.48750000000000004,0.9750000000000001,0.325,0.8,0.5,0.3,0.10032552083333332,0.375,0.15657552083333331,6.52115885416669,0.19858358739837398,0.12052710262345678,30.4814875125885,19.784659147262573,1.378864049911499,0.8459389209747314,1.0199248790740967,21.267741918563843,30.7621125125885,1.6594890499114991,1.5505498790740968,21.798366918563843,1.9094890499114991,32.83835758835771,18.537098822212204,0.8120234463486248,11.415811428494,3.6958429783950733,4.495921947337978,0.573583587398374,6.443425264586903,7.838302988637298,True,True,False,True,False,True,True
0.5,16,0.65,1.0,4.0,2.6,0.65,0.48750000000000004,0.9750000000000001,0.325,0.8,0.5,0.6,0.4013020833333333,0.75,0.6263020833333333,13.04231770833338,0.39716717479674796,0.24105420524691357,60.96300482749939,39.56928849220276,2.7577579021453857,1.6919076442718506,2.0398199558258057,42.5354540348053,61.52425482749939,3.319007902145386,3.101069955825806,43.5967040348053,3.819007902145386,32.83835758835771,18.53694135157994,0.8120093058942697,11.415714539452559,7.3916859567901465,8.991843894675956,1.147167174796748,6.443425264586903,7.838302988637298,True,False,False,False,False,True,True
0.5,16,0.65,2.0,2.0,1.3,0.65,0.48750000000000004,0.9750000000000001,0.325,0.8,0.5,1.2,1.6052083333333331,1.5,2.505208333333333,26.08463541666676,0.7943343495934959,0.48210841049382713,121.92603945732117,79.1386067867279,5.515486001968384,3.3837854862213135,4.079669713973999,85.07093787193298,123.04853945732117,6.637986001968384,6.2021697139739995,87.19343787193299,7.637986001968384,32.83835758835771,18.537029065869252,0.8120163760938602,11.415762983784257,14.783371913580293,17.98368778935191,2.294334349593496,6.443425264586903,7.838302988637298,True,False,False,False,False,True,True
0.5,16,0.8,0.5,8.0,6.4,0.8,0.6000000000000001,1.2000000000000002,0.4,0.8,0.5,0.3,0.10032552083333332,0.375,0.15657552083333331,-1.0032552083333324,0.31315104166666674,0.16688368055555555,,,,,,,,,,,,-3.2037422037422,,,,-0.043185763888888395,-0.18945312499999936,0.6881510416666667,-0.0627562283191415,-0.27530747398296973,False,False,False,False,False,True,False
0.5,16,0.8,1.0,4.0,3.2,0.8,0.6000000000000001,1.2000000000000002,0.4,0.8,0.5,0.6,0.4013020833333333,0.75,0.6263020833333333,-2.0065104166666647,0.6263020833333335,0.3337673611111111,,,,,,,,,,,,-3.2037422037422,,,,-0.08637152777777679,-0.3789062499999987,1.3763020833333335,-0.0627562283191415,-0.27530747398296973,False,False,False,False,False,True,False
0.5,16,0.8,2.0,2.0,1.6,0.8,0.6000000000000001,1.2000000000000002,0.4,0.8,0.5,1.2,1.6052083333333331,1.5,2.505208333333333,-4.0130208333333295,1.252604166666667,0.6675347222222222,,,,,,,,,,,,-3.2037422037422,,,,-0.17274305555555358,-0.7578124999999974,2.752604166666667,-0.0627562283191415,-0.27530747398296973,False,False,False,False,False,True,False
0.5,32,0.5,0.5,8.0,4.0,0.5,0.375,0.75,0.25,0.8,0.5,0.3,0.10032552083333332,0.375,0.15657552083333331,0.5016276041666666,0.12526041666666665,0.08344184027777778,2.7377307415008545,1.7356574535369873,1.0125935077667236,0.6015598773956299,0.8347928524017334,1.8780529499053955,3.0183557415008546,1.2932185077667238,1.3654178524017335,2.4086779499053956,1.5432185077667238,4.004677754677755,2.3339874301004966,0.8847858197201799,1.5608145818514876,0.6675347222222222,0.7198079427083333,0.5002604166666667,1.3343744577477008,1.4388664757938572,True,True,False,True,False,True,True
0.5,32,0.5,1.0,4.0,2.0,0.5,0.375,0.75,0.25,0.8,0.5,0.6,0.4013020833333333,0.75,0.6263020833333333,1.0032552083333333,0.2505208333333333,0.16688368055555555,5.475431680679321,3.471285104751587,2.025216817855835,1.2031495571136475,1.669555902481079,3.7560760974884033,6.0366816806793215,2.586466817855835,2.7308059024810794,4.817326097488404,3.086466817855835,4.004677754677755,2.333949014541657,0.8847676205954377,1.5607898551247001,1.3350694444444444,1.4396158854166665,1.0005208333333333,1.3343744577477008,1.4388664757938572,True,False,False,False,False,True,True
0.5,32,0.5,2.0,2.0,1.0,0.5,0.375,0.75,0.25,0.8,0.5,1.2,1.6052083333333331,1.5,2.505208333333333,2.0065104166666665,0.5010416666666666,0.3337673611111111,10.950833559036255,6.942540407180786,4.050403833389282,2.4062693119049072,3.339141607284546,7.512181997299194,12.073333559036255,5.172903833389283,5.461641607284546,9.634681997299195,6.172903833389283,4.004677754677755,2.3339566997374117,0.8847767201138768,1.5608022184284045,2.670138888888889,2.879231770833333,2.0010416666666666,1.3343744577477008,1.4388664757938572,True,False,False,False,False,True,True
0.5,32,0.65,0.5,8.0,5.2,0.65,0.48750000000000004,0.9750000000000001,0.325,0.8,0.5,0.3,0.10032552083333332,0.375,0.15657552083333331,6.52115885416669,0.19858358739837398,0.12052710262345678,30.4814875125885,19.784659147262573,1.378864049911499,0.8459389209747314,1.0199248790740967,21.267741918563843,30.7621125125885,1.6594890499114991,1.5505498790740968,21.798366918563843,1.9094890499114991,32.83835758835771,18.537098822212204,0.8120234463486248,11.415811428494,3.6958429783950733,4.495921947337978,0.573583587398374,6.443425264586903,7.838302988637298,True,True,False,True,False,True,True
0.5,32,0.65,1.0,4.0,2.6,0.65,0.48750000000000004,0.9750000000000001,0.325,0.8,0.5,0.6,0.4013020833333333,0.75,0.6263020833333333,13.04231770833338,0.39716717479674796,0.24105420524691357,60.96300482749939,39.56928849220276,2.7577579021453857,1.6919076442718506,2.0398199558258057,42.5354540348053,61.52425482749939,3.319007902145386,3.101069955825806,43.5967040348053,3.819007902145386,32.83835758835771,18.53694135157994,0.8120093058942697,11.415714539452559,7.3916859567901465,8.991843894675956,1.147167174796748,6.443425264586903,7.838302988637298,True,False,False,False,False,True,True
0.5,32,0.65,2.0,2.0,1.3,0.65,0.48750000000000004,0.9750000000000001,0.325,0.8,0.5,1.2,1.6052083333333331,1.5,2.505208333333333,26.08463541666676,0.7943343495934959,0.48210841049382713,121.92603945732117,79.1386067867279,5.515486001968384,3.3837854862213135,4.079669713973999,85.07093787193298,123.04853945732117,6.637986001968384,6.2021697139739995,87.19343787193299,7.637986001968384,32.83835758835771,18.537029065869252,0.8120163760938602,11.415762983784257,14.783371913580293,17.98368778935191,2.294334349593496,6.443425264586903,7.838302988637298,True,False,False,False,False,True,True
0.5,32,0.8,0.5,8.0,6.4,0.8,0.6000000000000001,1.2000000000000002,0.4,0.8,0.5,0.3,0.10032552083333332,0.375,0.15657552083333331,-1.0032552083333324,0.31315104166666674,0.16688368055555555,,,,,,,,,,,,-3.2037422037422,,,,-0.043185763888888395,-0.18945312499999936,0.6881510416666667,-0.0627562283191415,-0.27530747398296973,False,False,False,False,False,True,False
0.5,32,0.8,1.0,4.0,3.2,0.8,0.6000000000000001,1.2000000000000002,0.4,0.8,0.5,0.6,0.4013020833333333,0.75,0.6263020833333333,-2.0065104166666647,0.6263020833333335,0.3337673611111111,,,,,,,,,,,,-3.2037422037422,,,,-0.08637152777777679,-0.3789062499999987,1.3763020833333335,-0.0627562283191415,-0.27530747398296973,False,False,False,False,False,True,False
0.5,32,0.8,2.0,2.0,1.6,0.8,0.6000000000000001,1.2000000000000002,0.4,0.8,0.5,1.2,1.6052083333333331,1.5,2.505208333333333,-4.0130208333333295,1.252604166666667,0.6675347222222222,,,,,,,,,,,,-3.2037422037422,,,,-0.17274305555555358,-0.7578124999999974,2.752604166666667,-0.0627562283191415,-0.27530747398296973,False,False,False,False,False,True,False
0.5,64,0.5,0.5,8.0,4.0,0.5,0.375,0.75,0.25,0.8,0.5,0.3,0.10032552083333332,0.375,0.15657552083333331,0.5016276041666666,0.12526041666666665,0.08344184027777778,2.7377307415008545,1.7356574535369873,1.0125935077667236,0.6015598773956299,0.8347928524017334,1.8780529499053955,3.0183557415008546,1.2932185077667238,1.3654178524017335,2.4086779499053956,1.5432185077667238,4.004677754677755,2.3339874301004966,0.8847858197201799,1.5608145818514876,0.6675347222222222,0.7198079427083333,0.5002604166666667,1.3343744577477008,1.4388664757938572,True,True,False,True,False,True,True
0.5,64,0.5,1.0,4.0,2.0,0.5,0.375,0.75,0.25,0.8,0.5,0.6,0.4013020833333333,0.75,0.6263020833333333,1.0032552083333333,0.2505208333333333,0.16688368055555555,5.475431680679321,3.471285104751587,2.025216817855835,1.2031495571136475,1.669555902481079,3.7560760974884033,6.0366816806793215,2.586466817855835,2.7308059024810794,4.817326097488404,3.086466817855835,4.004677754677755,2.333949014541657,0.8847676205954377,1.5607898551247001,1.3350694444444444,1.4396158854166665,1.0005208333333333,1.3343744577477008,1.4388664757938572,True,False,False,False,False,True,True
0.5,64,0.5,2.0,2.0,1.0,0.5,0.375,0.75,0.25,0.8,0.5,1.2,1.6052083333333331,1.5,2.505208333333333,2.0065104166666665,0.5010416666666666,0.3337673611111111,10.950833559036255,6.942540407180786,4.050403833389282,2.4062693119049072,3.339141607284546,7.512181997299194,12.073333559036255,5.172903833389283,5.461641607284546,9.634681997299195,6.172903833389283,4.004677754677755,2.3339566997374117,0.8847767201138768,1.5608022184284045,2.670138888888889,2.879231770833333,2.0010416666666666,1.3343744577477008,1.4388664757938572,True,False,False,False,False,True,True
0.5,64,0.65,0.5,8.0,5.2,0.65,0.48750000000000004,0.9750000000000001,0.325,0.8,0.5,0.3,0.10032552083333332,0.375,0.15657552083333331,6.52115885416669,0.19858358739837398,0.12052710262345678,30.4814875125885,19.784659147262573,1.378864049911499,0.8459389209747314,1.0199248790740967,21.267741918563843,30.7621125125885,1.6594890499114991,1.5505498790740968,21.798366918563843,1.9094890499114991,32.83835758835771,18.537098822212204,0.8120234463486248,11.415811428494,3.6958429783950733,4.495921947337978,0.573583587398374,6.443425264586903,7.838302988637298,True,True,False,True,False,True,True
0.5,64,0.65,1.0,4.0,2.6,0.65,0.48750000000000004,0.9750000000000001,0.325,0.8,0.5,0.6,0.4013020833333333,0.75,0.6263020833333333,13.04231770833338,0.39716717479674796,0.24105420524691357,60.96300482749939,39.56928849220276,2.7577579021453857,1.6919076442718506,2.0398199558258057,42.5354540348053,61.52425482749939,3.319007902145386,3.101069955825806,43.5967040348053,3.819007902145386,32.83835758835771,18.53694135157994,0.8120093058942697,11.415714539452559,7.3916859567901465,8.991843894675956,1.147167174796748,6.443425264586903,7.838302988637298,True,False,False,False,False,True,True
0.5,64,0.65,2.0,2.0,1.3,0.65,0.48750000000000004,0.9750000000000001,0.325,0.8,0.5,1.2,1.6052083333333331,1.5,2.505208333333333,26.08463541666676,0.7943343495934959,0.48210841049382713,121.92603945732117,79.1386067867279,5.515486001968384,3.3837854862213135,4.079669713973999,85.07093787193298,123.04853945732117,6.637986001968384,6.2021697139739995,87.19343787193299,7.637986001968384,32.83835758835771,18.537029065869252,0.8120163760938602,11.415762983784257,14.783371913580293,17.98368778935191,2.294334349593496,6.443425264586903,7.838302988637298,True,False,False,False,False,True,True
0.5,64,0.8,0.5,8.0,6.4,0.8,0.6000000000000001,1.2000000000000002,0.4,0.8,0.5,0.3,0.10032552083333332,0.375,0.15657552083333331,-1.0032552083333324,0.31315104166666674,0.16688368055555555,,,,,,,,,,,,-3.2037422037422,,,,-0.043185763888888395,-0.18945312499999936,0.6881510416666667,-0.0627562283191415,-0.27530747398296973,False,False,False,False,False,True,False
0.5,64,0.8,1.0,4.0,3.2,0.8,0.6000000000000001,1.2000000000000002,0.4,0.8,0.5,0.6,0.4013020833333333,0.75,0.6263020833333333,-2.0065104166666647,0.6263020833333335,0.3337673611111111,,,,,,,,,,,,-3.2037422037422,,,,-0.08637152777777679,-0.3789062499999987,1.3763020833333335,-0.0627562283191415,-0.27530747398296973,False,False,False,False,False,True,False
0.5,64,0.8,2.0,2.0,1.6,0.8,0.6000000000000001,1.2000000000000002,0.4,0.8,0.5,1.2,1.6052083333333331,1.5,2.505208333333333,-4.0130208333333295,1.252604166666667,0.6675347222222222,,,,,,,,,,,,-3.2037422037422,,,,-0.17274305555555358,-0.7578124999999974,2.752604166666667,-0.0627562283191415,-0.27530747398296973,False,False,False,False,False,True,False
0.7,8,0.5,0.5,5.714285714285714,2.857142857142857,0.5,0.23214285714285715,0.6071428571428572,0.10714285714285716,0.903225806451613,0.7,0.27419354838709675,0.0809706821236559,0.325,0.11907552083333334,0.22819010416666669,0.05538396317829458,0.03003906250000001,1.4079511165618896,0.8755624294281006,0.6100237369537354,0.3706514835357666,0.48354268074035645,0.9582340717315674,1.6885761165618898,0.8906487369537354,1.0141676807403566,1.4888590717315675,1.1406487369537355,4.120147621651175,1.8958945839156371,0.8891148062363489,1.3052739406066212,0.4937447916666667,0.5086061197916667,0.3803839631782946,1.2980168447197058,1.3370861261921063,False,True,True,False,False,True,True
0.7,8,0.5,1.0,2.857142857142857,1.4285714285714286,0.5,0.23214285714285715,0.6071428571428572,0.10714285714285716,0.903225806451613,0.7,0.5483870967741935,0.3238827284946236,0.65,0.47630208333333335,0.45638020833333337,0.11076792635658916,0.06007812500000002,2.8158724308013916,1.7510950565338135,1.2200772762298584,0.7412731647491455,0.9671151638031006,1.916438341140747,3.377122430801392,1.7813272762298584,2.028365163803101,2.9776883411407473,2.2813272762298586,4.120147621651175,1.8958461344335333,0.8891162547949696,1.305243825454847,0.9874895833333334,1.0172122395833334,0.7607679263565892,1.2980168447197058,1.3370861261921063,True,False,False,False,False,True,True
0.7,8,0.5,2.0,1.4285714285714286,0.7142857142857143,0.5,0.23214285714285715,0.6071428571428572,0.10714285714285716,0.903225806451613,0.7,1.096774193548387,1.2955309139784943,1.3,1.9052083333333334,0.9127604166666667,0.22153585271317833,0.12015625000000003,5.631774663925171,3.5022199153900146,2.440124750137329,1.4825165271759033,1.9342005252838135,3.832906484603882,6.754274663925171,3.562624750137329,4.056700525283814,5.955406484603882,4.56262475013733,4.120147621651175,1.8958703589719386,0.88911553052039,1.3052588829323803,1.9749791666666667,2.034424479166667,1.5215358527131784,1.2980168447197058,1.3370861261921063,True,False,False,False,False,True,True
0.7,8,0.65,0.5,5.714285714285714,3.7142857142857144,0.65,0.3017857142857143,0.7892857142857144,0.13928571428571432,0.903225806451613,0.7,0.27419354838709675,0.0809706821236559,0.325,0.11907552083333334,0.5530709304378533,0.07918065323955671,0.04050910918049794,2.9228031635284424,1.8620193004608154,0.7462203502655029,0.44730305671691895,0.5228817462921143,2.0091235637664795,3.2034281635284425,1.026845350265503,1.0535067462921144,2.5397485637664796,1.276845350265503,6.984925077146908,3.1196792805266713,0.8250856269109267,1.9890807945052802,0.7243023840606466,0.7627445206549484,0.4041806532395567,1.7920263581526616,1.887137631505761,True,True,False,True,False,True,True
0.7,8,0.65,1.0,2.857142857142857,1.8571428571428572,0.65,0.3017857142857143,0.7892857142857144,0.13928571428571432,0.903225806451613,0.7,0.5483870967741935,0.3238827284946236,0.65,0.47630208333333335,1.1061418608757065,0.15836130647911342,0.08101821836099588,5.845576524734497,3.7240684032440186,1.4924108982086182,0.8945763111114502,1.0457932949066162,4.018276929855347,6.406826524734497,2.0536608982086184,2.1070432949066165,5.079526929855347,2.5536608982086184,6.984925077146908,3.1197100408948177,0.8251069264461456,1.9891156783653665,1.4486047681212932,1.5254890413098967,0.8083613064791134,1.7920263581526616,1.887137631505761,True,False,False,False,False,True,True
0.7,8,0.65,2.0,1.4285714285714286,0.9285714285714286,0.65,0.3017857142857143,0.7892857142857144,0.13928571428571432,0.903225806451613,0.7,1.096774193548387,1.2955309139784943,1.3,1.9052083333333334,2.212283721751413,0.31672261295822685,0.16203643672199175,11.691123247146606,7.448107004165649,2.984851598739624,1.789182424545288,2.09161639213562,8.036583662033081,12.813623247146607,4.1073515987396245,4.214116392135621,10.159083662033082,5.1073515987396245,6.984925077146908,3.1196801489014416,0.8251079469789325,1.9891099066960862,2.8972095362425865,3.0509780826197934,1.6167226129582268,1.7920263581526616,1.887137631505761,True,False,False,False,False,True,True
0.7,8,0.8,0.5,5.714285714285714,4.571428571428572,0.8,0.3714285714285715,0.9714285714285715,0.17142857142857149,0.903225806451613,0.7,0.27419354838709675,0.0809706821236559,0.325,0.11907552083333334,5.020182291666685,0.10825047348484851,0.05179148706896554,23.50965142250061,15.255123376846313,0.8988082408905029,0.5237758159637451,0.6372630596160889,16.39959216117859,23.79027642250061,1.179433240890503,1.167888059616089,16.93021716117859,1.429433240890503,46.37561509021339,20.170939395042257,0.817028753919646,11.844006895090438,3.8546650502873687,4.2272943606321975,0.4332504734848485,8.89708214115125,9.75716039414792,True,True,False,True,False,True,True
0.7,8,0.8,1.0,2.857142857142857,2.285714285714286,0.8,0.3714285714285715,0.9714285714285715,0.17142857142857149,0.903225806451613,0.7,0.5483870967741935,0.3238827284946236,0.65,0.47630208333333335,10.04036458333337,0.21650094696969702,0.10358297413793108,47.01927304267883,30.510276556015015,1.7975866794586182,1.047581434249878,1.2745559215545654,32.79915452003479,47.580523042678834,2.3588366794586184,2.3358059215545657,33.86040452003479,2.8588366794586184,46.37561509021339,20.171181607028064,0.8170476957770461,11.844119939879524,7.709330100574737,8.454588721264395,0.866500946969697,8.89708214115125,9.75716039414792,True,False,False,False,False,True,True
0.7,8,0.8,2.0,1.4285714285714286,1.142857142857143,0.8,0.3714285714285715,0.9714285714285715,0.17142857142857149,0.903225806451613,0.7,1.096774193548387,1.2955309139784943,1.3,1.9052083333333334,20.08072916666674,0.43300189393939403,0.20716594827586216,94.03857588768005,61.02052330970764,3.5951435565948486,2.0951926708221436,2.5491416454315186,65.59833884239197,95.16107588768006,4.717643556594849,4.671641645431519,67.72083884239197,5.717643556594849,46.37561509021339,20.171315349726513,0.8170571668538432,11.844186887844966,15.418660201149475,16.90917744252879,1.733001893939394,8.89708214115125,9.75716039414792,True,False,False,False,False,True,True
0.7,16,0.5,0.5,5.714285714285714,2.857142857142857,0.5,0.23214285714285715,0.6071428571428572,0.10714285714285716,0.903225806451613,0.7,0.27419354838709675,0.0809706821236559,0.325,0.11907552083333334,0.22819010416666669,0.05538396317829458,0.03003906250000001,1.4079511165618896,0.8755624294281006,0.6100237369537354,0.3706514835357666,0.48354268074035645,0.9582340717315674,1.6885761165618898,0.8906487369537354,1.0141676807403566,1.4888590717315675,1.1406487369537355,4.120147621651175,1.8958945839156371,0.8891148062363489,1.3052739406066212,0.4937447916666667,0.5086061197916667,0.3803839631782946,1.2980168447197058,1.3370861261921063,False,True,True,False,False,True,True
0.7,16,0.5,1.0,2.857142857142857,1.4285714285714286,0.5,0.23214285714285715,0.6071428571428572,0.10714285714285716,0.903225806451613,0.7,0.5483870967741935,0.3238827284946236,0.65,0.47630208333333335,0.45638020833333337,0.11076792635658916,0.06007812500000002,2.8158724308013916,1.7510950565338135,1.2200772762298584,0.7412731647491455,0.9671151638031006,1.916438341140747,3.377122430801392,1.7813272762298584,2.028365163803101,2.9776883411407473,2.2813272762298586,4.120147621651175,1.8958461344335333,0.8891162547949696,1.305243825454847,0.9874895833333334,1.0172122395833334,0.7607679263565892,1.2980168447197058,1.3370861261921063,True,False,False,False,False,True,True
0.7,16,0.5,2.0,1.4285714285714286,0.7142857142857143,0.5,0.23214285714285715,0.6071428571428572,0.10714285714285716,0.903225806451613,0.7,1.096774193548387,1.2955309139784943,1.3,1.9052083333333334,0.9127604166666667,0.22153585271317833,0.12015625000000003,5.631774663925171,3.5022199153900146,2.440124750137329,1.4825165271759033,1.9342005252838135,3.832906484603882,6.754274663925171,3.562624750137329,4.056700525283814,5.955406484603882,4.56262475013733,4.120147621651175,1.8958703589719386,0.88911553052039,1.3052588829323803,1.9749791666666667,2.034424479166667,1.5215358527131784,1.2980168447197058,1.3370861261921063,True,False,False,False,False,True,True
0.7,16,0.65,0.5,5.714285714285714,3.7142857142857144,0.65,0.3017857142857143,0.7892857142857144,0.13928571428571432,0.903225806451613,0.7,0.27419354838709675,0.0809706821236559,0.325,0.11907552083333334,0.5530709304378533,0.07918065323955671,0.04050910918049794,2.9228031635284424,1.8620193004608154,0.7462203502655029,0.44730305671691895,0.5228817462921143,2.0091235637664795,3.2034281635284425,1.026845350265503,1.0535067462921144,2.5397485637664796,1.276845350265503,6.984925077146908,3.1196792805266713,0.8250856269109267,1.9890807945052802,0.7243023840606466,0.7627445206549484,0.4041806532395567,1.7920263581526616,1.887137631505761,True,True,False,True,False,True,True
0.7,16,0.65,1.0,2.857142857142857,1.8571428571428572,0.65,0.3017857142857143,0.7892857142857144,0.13928571428571432,0.903225806451613,0.7,0.5483870967741935,0.3238827284946236,0.65,0.47630208333333335,1.1061418608757065,0.15836130647911342,0.08101821836099588,5.845576524734497,3.7240684032440186,1.4924108982086182,0.8945763111114502,1.0457932949066162,4.018276929855347,6.406826524734497,2.0536608982086184,2.1070432949066165,5.079526929855347,2.5536608982086184,6.984925077146908,3.1197100408948177,0.8251069264461456,1.9891156783653665,1.4486047681212932,1.5254890413098967,0.8083613064791134,1.7920263581526616,1.887137631505761,True,False,False,False,False,True,True
0.7,16,0.65,2.0,1.4285714285714286,0.9285714285714286,0.65,0.3017857142857143,0.7892857142857144,0.13928571428571432,0.903225806451613,0.7,1.096774193548387,1.2955309139784943,1.3,1.9052083333333334,2.212283721751413,0.31672261295822685,0.16203643672199175,11.691123247146606,7.448107004165649,2.984851598739624,1.789182424545288,2.09161639213562,8.036583662033081,12.813623247146607,4.1073515987396245,4.214116392135621,10.159083662033082,5.1073515987396245,6.984925077146908,3.1196801489014416,0.8251079469789325,1.9891099066960862,2.8972095362425865,3.0509780826197934,1.6167226129582268,1.7920263581526616,1.887137631505761,True,False,False,False,False,True,True
0.7,16,0.8,0.5,5.714285714285714,4.571428571428572,0.8,0.3714285714285715,0.9714285714285715,0.17142857142857149,0.903225806451613,0.7,0.27419354838709675,0.0809706821236559,0.325,0.11907552083333334,5.020182291666685,0.10825047348484851,0.05179148706896554,23.50965142250061,15.255123376846313,0.8988082408905029,0.5237758159637451,0.6372630596160889,16.39959216117859,23.79027642250061,1.179433240890503,1.167888059616089,16.93021716117859,1.429433240890503,46.37561509021339,20.170939395042257,0.817028753919646,11.844006895090438,3.8546650502873687,4.2272943606321975,0.4332504734848485,8.89708214115125,9.75716039414792,True,True,False,True,False,True,True
0.7,16,0.8,1.0,2.857142857142857,2.285714285714286,0.8,0.3714285714285715,0.9714285714285715,0.17142857142857149,0.903225806451613,0.7,0.5483870967741935,0.3238827284946236,0.65,0.47630208333333335,10.04036458333337,0.21650094696969702,0.10358297413793108,47.01927304267883,30.510276556015015,1.7975866794586182,1.047581434249878,1.2745559215545654,32.79915452003479,47.580523042678834,2.3588366794586184,2.3358059215545657,33.86040452003479,2.8588366794586184,46.37561509021339,20.171181607028064,0.8170476957770461,11.844119939879524,7.709330100574737,8.454588721264395,0.866500946969697,8.89708214115125,9.75716039414792,True,False,False,False,False,True,True
0.7,16,0.8,2.0,1.4285714285714286,1.142857142857143,0.8,0.3714285714285715,0.9714285714285715,0.17142857142857149,0.903225806451613,0.7,1.096774193548387,1.2955309139784943,1.3,1.9052083333333334,20.08072916666674,0.43300189393939403,0.20716594827586216,94.03857588768005,61.02052330970764,3.5951435565948486,2.0951926708221436,2.5491416454315186,65.59833884239197,95.16107588768006,4.717643556594849,4.671641645431519,67.72083884239197,5.717643556594849,46.37561509021339,20.171315349726513,0.8170571668538432,11.844186887844966,15.418660201149475,16.90917744252879,1.733001893939394,8.89708214115125,9.75716039414792,True,False,False,False,False,True,True
0.7,32,0.5,0.5,5.714285714285714,2.857142857142857,0.5,0.23214285714285715,0.6071428571428572,0.10714285714285716,0.903225806451613,0.7,0.27419354838709675,0.0809706821236559,0.325,0.11907552083333334,0.22819010416666669,0.05538396317829458,0.03003906250000001,1.4079511165618896,0.8755624294281006,0.6100237369537354,0.3706514835357666,0.48354268074035645,0.9582340717315674,1.6885761165618898,0.8906487369537354,1.0141676807403566,1.4888590717315675,1.1406487369537355,4.120147621651175,1.8958945839156371,0.8891148062363489,1.3052739406066212,0.4937447916666667,0.5086061197916667,0.3803839631782946,1.2980168447197058,1.3370861261921063,False,True,True,False,False,True,True
0.7,32,0.5,1.0,2.857142857142857,1.4285714285714286,0.5,0.23214285714285715,0.6071428571428572,0.10714285714285716,0.903225806451613,0.7,0.5483870967741935,0.3238827284946236,0.65,0.47630208333333335,0.45638020833333337,0.11076792635658916,0.06007812500000002,2.8158724308013916,1.7510950565338135,1.2200772762298584,0.7412731647491455,0.9671151638031006,1.916438341140747,3.377122430801392,1.7813272762298584,2.028365163803101,2.9776883411407473,2.2813272762298586,4.120147621651175,1.8958461344335333,0.8891162547949696,1.305243825454847,0.9874895833333334,1.0172122395833334,0.7607679263565892,1.2980168447197058,1.3370861261921063,True,False,False,False,False,True,True
0.7,32,0.5,2.0,1.4285714285714286,0.7142857142857143,0.5,0.23214285714285715,0.6071428571428572,0.10714285714285716,0.903225806451613,0.7,1.096774193548387,1.2955309139784943,1.3,1.9052083333333334,0.9127604166666667,0.22153585271317833,0.12015625000000003,5.631774663925171,3.5022199153900146,2.440124750137329,1.4825165271759033,1.9342005252838135,3.832906484603882,6.754274663925171,3.562624750137329,4.056700525283814,5.955406484603882,4.56262475013733,4.120147621651175,1.8958703589719386,0.88911553052039,1.3052588829323803,1.9749791666666667,2.034424479166667,1.5215358527131784,1.2980168447197058,1.3370861261921063,True,False,False,False,False,True,True
0.7,32,0.65,0.5,5.714285714285714,3.7142857142857144,0.65,0.3017857142857143,0.7892857142857144,0.13928571428571432,0.903225806451613,0.7,0.27419354838709675,0.0809706821236559,0.325,0.11907552083333334,0.5530709304378533,0.07918065323955671,0.04050910918049794,2.9228031635284424,1.8620193004608154,0.7462203502655029,0.44730305671691895,0.5228817462921143,2.0091235637664795,3.2034281635284425,1.026845350265503,1.0535067462921144,2.5397485637664796,1.276845350265503,6.984925077146908,3.1196792805266713,0.8250856269109267,1.9890807945052802,0.7243023840606466,0.7627445206549484,0.4041806532395567,1.7920263581526616,1.887137631505761,True,True,False,True,False,True,True
0.7,32,0.65,1.0,2.857142857142857,1.8571428571428572,0.65,0.3017857142857143,0.7892857142857144,0.13928571428571432,0.903225806451613,0.7,0.5483870967741935,0.3238827284946236,0.65,0.47630208333333335,1.1061418608757065,0.15836130647911342,0.08101821836099588,5.845576524734497,3.7240684032440186,1.4924108982086182,0.8945763111114502,1.0457932949066162,4.018276929855347,6.406826524734497,2.0536608982086184,2.1070432949066165,5.079526929855347,2.5536608982086184,6.984925077146908,3.1197100408948177,0.8251069264461456,1.9891156783653665,1.4486047681212932,1.5254890413098967,0.8083613064791134,1.7920263581526616,1.887137631505761,True,False,False,False,False,True,True
0.7,32,0.65,2.0,1.4285714285714286,0.9285714285714286,0.65,0.3017857142857143,0.7892857142857144,0.13928571428571432,0.903225806451613,0.7,1.096774193548387,1.2955309139784943,1.3,1.9052083333333334,2.212283721751413,0.31672261295822685,0.16203643672199175,11.691123247146606,7.448107004165649,2.984851598739624,1.789182424545288,2.09161639213562,8.036583662033081,12.813623247146607,4.1073515987396245,4.214116392135621,10.159083662033082,5.1073515987396245,6.984925077146908,3.1196801489014416,0.8251079469789325,1.9891099066960862,2.8972095362425865,3.0509780826197934,1.6167226129582268,1.7920263581526616,1.887137631505761,True,False,False,False,False,True,True
0.7,32,0.8,0.5,5.714285714285714,4.571428571428572,0.8,0.3714285714285715,0.9714285714285715,0.17142857142857149,0.903225806451613,0.7,0.27419354838709675,0.0809706821236559,0.325,0.11907552083333334,5.020182291666685,0.10825047348484851,0.05179148706896554,23.50965142250061,15.255123376846313,0.8988082408905029,0.5237758159637451,0.6372630596160889,16.39959216117859,23.79027642250061,1.179433240890503,1.167888059616089,16.93021716117859,1.429433240890503,46.37561509021339,20.170939395042257,0.817028753919646,11.844006895090438,3.8546650502873687,4.2272943606321975,0.4332504734848485,8.89708214115125,9.75716039414792,True,True,False,True,False,True,True
0.7,32,0.8,1.0,2.857142857142857,2.285714285714286,0.8,0.3714285714285715,0.9714285714285715,0.17142857142857149,0.903225806451613,0.7,0.5483870967741935,0.3238827284946236,0.65,0.47630208333333335,10.04036458333337,0.21650094696969702,0.10358297413793108,47.01927304267883,30.510276556015015,1.7975866794586182,1.047581434249878,1.2745559215545654,32.79915452003479,47.580523042678834,2.3588366794586184,2.3358059215545657,33.86040452003479,2.8588366794586184,46.37561509021339,20.171181607028064,0.8170476957770461,11.844119939879524,7.709330100574737,8.454588721264395,0.866500946969697,8.89708214115125,9.75716039414792,True,False,False,False,False,True,True
0.7,32,0.8,2.0,1.4285714285714286,1.142857142857143,0.8,0.3714285714285715,0.9714285714285715,0.17142857142857149,0.903225806451613,0.7,1.096774193548387,1.2955309139784943,1.3,1.9052083333333334,20.08072916666674,0.43300189393939403,0.20716594827586216,94.03857588768005,61.02052330970764,3.5951435565948486,2.0951926708221436,2.5491416454315186,65.59833884239197,95.16107588768006,4.717643556594849,4.671641645431519,67.72083884239197,5.717643556594849,46.37561509021339,20.171315349726513,0.8170571668538432,11.844186887844966,15.418660201149475,16.90917744252879,1.733001893939394,8.89708214115125,9.75716039414792,True,False,False,False,False,True,True
0.7,64,0.5,0.5,5.714285714285714,2.857142857142857,0.5,0.23214285714285715,0.6071428571428572,0.10714285714285716,0.903225806451613,0.7,0.27419354838709675,0.0809706821236559,0.325,0.11907552083333334,0.22819010416666669,0.05538396317829458,0.03003906250000001,1.4079511165618896,0.8755624294281006,0.6100237369537354,0.3706514835357666,0.48354268074035645,0.9582340717315674,1.6885761165618898,0.8906487369537354,1.0141676807403566,1.4888590717315675,1.1406487369537355,4.120147621651175,1.8958945839156371,0.8891148062363489,1.3052739406066212,0.4937447916666667,0.5086061197916667,0.3803839631782946,1.2980168447197058,1.3370861261921063,False,True,True,False,False,True,True
0.7,64,0.5,1.0,2.857142857142857,1.4285714285714286,0.5,0.23214285714285715,0.6071428571428572,0.10714285714285716,0.903225806451613,0.7,0.5483870967741935,0.3238827284946236,0.65,0.47630208333333335,0.45638020833333337,0.11076792635658916,0.06007812500000002,2.8158724308013916,1.7510950565338135,1.2200772762298584,0.7412731647491455,0.9671151638031006,1.916438341140747,3.377122430801392,1.7813272762298584,2.028365163803101,2.9776883411407473,2.2813272762298586,4.120147621651175,1.8958461344335333,0.8891162547949696,1.305243825454847,0.9874895833333334,1.0172122395833334,0.7607679263565892,1.2980168447197058,1.3370861261921063,True,False,False,False,False,True,True
0.7,64,0.5,2.0,1.4285714285714286,0.7142857142857143,0.5,0.23214285714285715,0.6071428571428572,0.10714285714285716,0.903225806451613,0.7,1.096774193548387,1.2955309139784943,1.3,1.9052083333333334,0.9127604166666667,0.22153585271317833,0.12015625000000003,5.631774663925171,3.5022199153900146,2.440124750137329,1.4825165271759033,1.9342005252838135,3.832906484603882,6.754274663925171,3.562624750137329,4.056700525283814,5.955406484603882,4.56262475013733,4.120147621651175,1.8958703589719386,0.88911553052039,1.3052588829323803,1.9749791666666667,2.034424479166667,1.5215358527131784,1.2980168447197058,1.3370861261921063,True,False,False,False,False,True,True
0.7,64,0.65,0.5,5.714285714285714,3.7142857142857144,0.65,0.3017857142857143,0.7892857142857144,0.13928571428571432,0.903225806451613,0.7,0.27419354838709675,0.0809706821236559,0.325,0.11907552083333334,0.5530709304378533,0.07918065323955671,0.04050910918049794,2.9228031635284424,1.8620193004608154,0.7462203502655029,0.44730305671691895,0.5228817462921143,2.0091235637664795,3.2034281635284425,1.026845350265503,1.0535067462921144,2.5397485637664796,1.276845350265503,6.984925077146908,3.1196792805266713,0.8250856269109267,1.9890807945052802,0.7243023840606466,0.7627445206549484,0.4041806532395567,1.7920263581526616,1.887137631505761,True,True,False,True,False,True,True
0.7,64,0.65,1.0,2.857142857142857,1.8571428571428572,0.65,0.3017857142857143,0.7892857142857144,0.13928571428571432,0.903225806451613,0.7,0.5483870967741935,0.3238827284946236,0.65,0.47630208333333335,1.1061418608757065,0.15836130647911342,0.08101821836099588,5.845576524734497,3.7240684032440186,1.4924108982086182,0.8945763111114502,1.0457932949066162,4.018276929855347,6.406826524734497,2.0536608982086184,2.1070432949066165,5.079526929855347,2.5536608982086184,6.984925077146908,3.1197100408948177,0.8251069264461456,1.9891156783653665,1.4486047681212932,1.5254890413098967,0.8083613064791134,1.7920263581526616,1.887137631505761,True,False,False,False,False,True,True
0.7,64,0.65,2.0,1.4285714285714286,0.9285714285714286,0.65,0.3017857142857143,0.7892857142857144,0.13928571428571432,0.903225806451613,0.7,1.096774193548387,1.2955309139784943,1.3,1.9052083333333334,2.212283721751413,0.31672261295822685,0.16203643672199175,11.691123247146606,7.448107004165649,2.984851598739624,1.789182424545288,2.09161639213562,8.036583662033081,12.813623247146607,4.1073515987396245,4.214116392135621,10.159083662033082,5.1073515987396245,6.984925077146908,3.1196801489014416,0.8251079469789325,1.9891099066960862,2.8972095362425865,3.0509780826197934,1.6167226129582268,1.7920263581526616,1.887137631505761,True,False,False,False,False,True,True
0.7,64,0.8,0.5,5.714285714285714,4.571428571428572,0.8,0.3714285714285715,0.9714285714285715,0.17142857142857149,0.903225806451613,0.7,0.27419354838709675,0.0809706821236559,0.325,0.11907552083333334,5.020182291666685,0.10825047348484851,0.05179148706896554,23.50965142250061,15.255123376846313,0.8988082408905029,0.5237758159637451,0.6372630596160889,16.39959216117859,23.79027642250061,1.179433240890503,1.167888059616089,16.93021716117859,1.429433240890503,46.37561509021339,20.170939395042257,0.817028753919646,11.844006895090438,3.8546650502873687,4.2272943606321975,0.4332504734848485,8.89708214115125,9.75716039414792,True,True,False,True,False,True,True
0.7,64,0.8,1.0,2.857142857142857,2.285714285714286,0.8,0.3714285714285715,0.9714285714285715,0.17142857142857149,0.903225806451613,0.7,0.5483870967741935,0.3238827284946236,0.65,0.47630208333333335,10.04036458333337,0.21650094696969702,0.10358297413793108,47.01927304267883,30.510276556015015,1.7975866794586182,1.047581434249878,1.2745559215545654,32.79915452003479,47.580523042678834,2.3588366794586184,2.3358059215545657,33.86040452003479,2.8588366794586184,46.37561509021339,20.171181607028064,0.8170476957770461,11.844119939879524,7.709330100574737,8.454588721264395,0.866500946969697,8.89708214115125,9.75716039414792,True,False,False,False,False,True,True
0.7,64,0.8,2.0,1.4285714285714286,1.142857142857143,0.8,0.3714285714285715,0.9714285714285715,0.17142857142857149,0.903225806451613,0.7,1.096774193548387,1.2955309139784943,1.3,1.9052083333333334,20.08072916666674,0.43300189393939403,0.20716594827586216,94.03857588768005,61.02052330970764,3.5951435565948486,2.0951926708221436,2.5491416454315186,65.59833884239197,95.16107588768006,4.717643556594849,4.671641645431519,67.72083884239197,5.717643556594849,46.37561509021339,20.171315349726513,0.8170571668538432,11.844186887844966,15.418660201149475,16.90917744252879,1.733001893939394,8.89708214115125,9.75716039414792,True,False,False,False,False,True,True
0.8,8,0.5,0.5,5.0,2.5,0.5,0.1875,0.5625,0.062499999999999986,0.9411764705882353,0.8,0.2647058823529412,0.07385493259803921,0.3,0.10032552083333332,0.17936197916666666,0.03858673878205127,0.016688368055555552,1.1509954929351807,0.7107555866241455,0.4908740520477295,0.2592504024505615,0.43591856956481934,0.7819831371307373,1.4316204929351808,0.7714990520477295,0.9665435695648193,1.3126081371307374,1.0214990520477296,4.64828033744322,1.8556348049104436,0.9462011419660696,1.2849822371341817,0.4468272569444444,0.4549609375,0.33858673878205126,1.3196832768812832,1.3437057196527091,False,True,True,False,False,True,True
0.8,8,0.5,1.0,2.5,1.25,0.5,0.1875,0.5625,0.062499999999999986,0.9411764705882353,0.8,0.5294117647058824,0.29541973039215685,0.6,0.4013020833333333,0.3587239583333333,0.07717347756410255,0.033376736111111104,2.302020788192749,1.4214813709259033,0.9817779064178467,0.5185306072235107,0.871807336807251,1.563936471939087,2.8632707881927493,1.5430279064178467,1.933057336807251,2.625186471939087,2.043027906417847,4.64828033744322,1.855618279023779,0.9461727520876534,1.284948905344113,0.8936545138888888,0.909921875,0.6771734775641025,1.3196832768812832,1.3437057196527091,True,True,False,True,False,True,True
0.8,8,0.5,2.0,1.25,0.625,0.5,0.1875,0.5625,0.062499999999999986,0.9411764705882353,0.8,1.0588235294117647,1.1816789215686274,1.2,1.6052083333333331,0.7174479166666666,0.1543469551282051,0.06675347222222221,4.60401177406311,2.8429925441741943,1.9635260105133057,1.0370910167694092,1.7436444759368896,3.1279027462005615,5.726511774063111,3.0860260105133057,3.8661444759368897,5.250402746200562,4.086026010513306,4.64828033744322,1.8556265418873146,0.9461869469233276,1.284965571117591,1.7873090277777777,1.81984375,1.354346955128205,1.3196832768812832,1.3437057196527091,True,False,False,False,False,True,True
0.8,8,0.65,0.5,5.0,3.25,0.65,0.24375,0.73125,0.08124999999999999,0.9411764705882353,0.8,0.2647058823529412,0.07385493259803921,0.3,0.10032552083333332,0.3795800024224805,0.05389387482782368,0.022137631094104302,2.0901858806610107,1.3231933116912842,0.581592321395874,0.34359097480773926,0.4596412181854248,1.4297068119049072,2.370810880661011,0.862217321395874,0.9902662181854248,1.9603318119049074,1.1122173213958741,7.043100976412176,2.7496674235479537,0.8903531703162146,1.762543860982688,0.6080915281568052,0.6259636467232241,0.35389387482782364,1.7182878015412213,1.7687891519110575,True,True,True,True,True,True,True
0.8,8,0.65,1.0,2.5,1.625,0.65,0.24375,0.73125,0.08124999999999999,0.9411764705882353,0.8,0.5294117647058824,0.29541973039215685,0.6,0.4013020833333333,0.759160004844961,0.10778774965564736,0.044275262188208604,4.180401563644409,2.646416425704956,1.1632144451141357,0.6872117519378662,0.9192526340484619,2.8593838214874268,4.741651563644409,1.7244644451141358,1.980502634048462,3.920633821487427,2.224464445114136,7.043100976412176,2.7496371856658244,0.8903278442586406,1.7625068497268166,1.2161830563136105,1.2519272934464483,0.7077877496556473,1.7182878015412213,1.7687891519110575,True,True,False,True,False,True,True
0.8,8,0.65,2.0,1.25,0.8125,0.65,0.24375,0.73125,0.08124999999999999,0.9411764705882353,0.8,1.0588235294117647,1.1816789215686274,1.2,1.6052083333333331,1.518320009689922,0.21557549931129472,0.08855052437641721,8.36077332496643,5.292803049087524,2.326458692550659,1.3743937015533447,1.8385350704193115,5.718797445297241,9.483273324966431,3.4489586925506592,3.9610350704193116,7.841297445297242,4.44895869255066,7.043100976412176,2.7496047851918823,0.8903285789215513,1.7625017419079922,2.432366112627221,2.5038545868928965,1.4155754993112946,1.7182878015412213,1.7687891519110575,True,False,False,False,False,True,True
0.8,8,0.8,0.5,5.0,4.0,0.8,0.3,0.9,0.09999999999999998,0.9411764705882353,0.8,0.2647058823529412,0.07385493259803921,0.3,0.10032552083333332,1.2555338541666667,0.0716610863095238,0.027813946759259252,6.137937307357788,3.9571821689605713,0.6816685199737549,0.4120767116546631,0.47704577445983887,4.259556531906128,6.418562307357788,0.9622935199737549,1.007670774459839,4.790181531906128,1.212293519973755,17.52044127190137,6.670067057640422,0.8312102290884588,3.9513380653967616,1.3099898726851853,1.3713758680555557,0.37166108630952377,3.524689349893925,3.6898559428776396,True,True,False,True,False,True,True
0.8,8,0.8,1.0,2.5,2.0,0.8,0.3,0.9,0.09999999999999998,0.9411764705882353,0.8,0.5294117647058824,0.29541973039215685,0.6,0.4013020833333333,2.5110677083333335,0.1433221726190476,0.055627893518518504,12.275904417037964,7.91439414024353,1.3633668422698975,0.8241236209869385,0.9541213512420654,8.519083261489868,12.837154417037963,1.9246168422698975,2.0153713512420657,9.580333261489868,2.4246168422698977,17.52044127190137,6.6699792577403585,0.8312123037779853,3.9512772057299053,2.6199797453703706,2.7427517361111113,0.7433221726190475,3.524689349893925,3.6898559428776396,True,False,False,False,False,True,True
0.8,8,0.8,2.0,1.25,1.0,0.8,0.3,0.9,0.09999999999999998,0.9411764705882353,0.8,1.0588235294117647,1.1816789215686274,1.2,1.6052083333333331,5.022135416666667,0.2866443452380952,0.11125578703703701,24.551838636398315,15.828758478164673,2.7267634868621826,1.6482770442962646,1.9082129001617432,17.038196325302124,25.674338636398314,3.8492634868621827,4.030712900161744,19.160696325302123,4.849263486862183,17.52044127190137,6.669935358809992,0.8312010496195785,3.951259067941563,5.239959490740741,5.485503472222223,1.486644345238095,3.524689349893925,3.6898559428776396,True,False,False,False,False,True,True
0.8,16,0.5,0.5,5.0,2.5,0.5,0.1875,0.5625,0.062499999999999986,0.9411764705882353,0.8,0.2647058823529412,0.07385493259803921,0.3,0.10032552083333332,0.17936197916666666,0.03858673878205127,0.016688368055555552,1.1509954929351807,0.7107555866241455,0.4908740520477295,0.2592504024505615,0.43591856956481934,0.7819831371307373,1.4316204929351808,0.7714990520477295,0.9665435695648193,1.3126081371307374,1.0214990520477296,4.64828033744322,1.8556348049104436,0.9462011419660696,1.2849822371341817,0.4468272569444444,0.4549609375,0.33858673878205126,1.3196832768812832,1.3437057196527091,False,True,True,False,False,True,True
0.8,16,0.5,1.0,2.5,1.25,0.5,0.1875,0.5625,0.062499999999999986,0.9411764705882353,0.8,0.5294117647058824,0.29541973039215685,0.6,0.4013020833333333,0.3587239583333333,0.07717347756410255,0.033376736111111104,2.302020788192749,1.4214813709259033,0.9817779064178467,0.5185306072235107,0.871807336807251,1.563936471939087,2.8632707881927493,1.5430279064178467,1.933057336807251,2.625186471939087,2.043027906417847,4.64828033744322,1.855618279023779,0.9461727520876534,1.284948905344113,0.8936545138888888,0.909921875,0.6771734775641025,1.3196832768812832,1.3437057196527091,True,True,False,True,False,True,True
0.8,16,0.5,2.0,1.25,0.625,0.5,0.1875,0.5625,0.062499999999999986,0.9411764705882353,0.8,1.0588235294117647,1.1816789215686274,1.2,1.6052083333333331,0.7174479166666666,0.1543469551282051,0.06675347222222221,4.60401177406311,2.8429925441741943,1.9635260105133057,1.0370910167694092,1.7436444759368896,3.1279027462005615,5.726511774063111,3.0860260105133057,3.8661444759368897,5.250402746200562,4.086026010513306,4.64828033744322,1.8556265418873146,0.9461869469233276,1.284965571117591,1.7873090277777777,1.81984375,1.354346955128205,1.3196832768812832,1.3437057196527091,True,False,False,False,False,True,True
0.8,16,0.65,0.5,5.0,3.25,0.65,0.24375,0.73125,0.08124999999999999,0.9411764705882353,0.8,0.2647058823529412,0.07385493259803921,0.3,0.10032552083333332,0.3795800024224805,0.05389387482782368,0.022137631094104302,2.0901858806610107,1.3231933116912842,0.581592321395874,0.34359097480773926,0.4596412181854248,1.4297068119049072,2.370810880661011,0.862217321395874,0.9902662181854248,1.9603318119049074,1.1122173213958741,7.043100976412176,2.7496674235479537,0.8903531703162146,1.762543860982688,0.6080915281568052,0.6259636467232241,0.35389387482782364,1.7182878015412213,1.7687891519110575,True,True,True,True,True,True,True
0.8,16,0.65,1.0,2.5,1.625,0.65,0.24375,0.73125,0.08124999999999999,0.9411764705882353,0.8,0.5294117647058824,0.29541973039215685,0.6,0.4013020833333333,0.759160004844961,0.10778774965564736,0.044275262188208604,4.180401563644409,2.646416425704956,1.1632144451141357,0.6872117519378662,0.9192526340484619,2.8593838214874268,4.741651563644409,1.7244644451141358,1.980502634048462,3.920633821487427,2.224464445114136,7.043100976412176,2.7496371856658244,0.8903278442586406,1.7625068497268166,1.2161830563136105,1.2519272934464483,0.7077877496556473,1.7182878015412213,1.7687891519110575,True,True,False,True,False,True,True
0.8,16,0.65,2.0,1.25,0.8125,0.65,0.24375,0.73125,0.08124999999999999,0.9411764705882353,0.8,1.0588235294117647,1.1816789215686274,1.2,1.6052083333333331,1.518320009689922,0.21557549931129472,0.08855052437641721,8.36077332496643,5.292803049087524,2.326458692550659,1.3743937015533447,1.8385350704193115,5.718797445297241,9.483273324966431,3.4489586925506592,3.9610350704193116,7.841297445297242,4.44895869255066,7.043100976412176,2.7496047851918823,0.8903285789215513,1.7625017419079922,2.432366112627221,2.5038545868928965,1.4155754993112946,1.7182878015412213,1.7687891519110575,True,False,False,False,False,True,True
0.8,16,0.8,0.5,5.0,4.0,0.8,0.3,0.9,0.09999999999999998,0.9411764705882353,0.8,0.2647058823529412,0.07385493259803921,0.3,0.10032552083333332,1.2555338541666667,0.0716610863095238,0.027813946759259252,6.137937307357788,3.9571821689605713,0.6816685199737549,0.4120767116546631,0.47704577445983887,4.259556531906128,6.418562307357788,0.9622935199737549,1.007670774459839,4.790181531906128,1.212293519973755,17.52044127190137,6.670067057640422,0.8312102290884588,3.9513380653967616,1.3099898726851853,1.3713758680555557,0.37166108630952377,3.524689349893925,3.6898559428776396,True,True,False,True,False,True,True
0.8,16,0.8,1.0,2.5,2.0,0.8,0.3,0.9,0.09999999999999998,0.9411764705882353,0.8,0.5294117647058824,0.29541973039215685,0.6,0.4013020833333333,2.5110677083333335,0.1433221726190476,0.055627893518518504,12.275904417037964,7.91439414024353,1.3633668422698975,0.8241236209869385,0.9541213512420654,8.519083261489868,12.837154417037963,1.9246168422698975,2.0153713512420657,9.580333261489868,2.4246168422698977,17.52044127190137,6.6699792577403585,0.8312123037779853,3.9512772057299053,2.6199797453703706,2.7427517361111113,0.7433221726190475,3.524689349893925,3.6898559428776396,True,False,False,False,False,True,True
0.8,16,0.8,2.0,1.25,1.0,0.8,0.3,0.9,0.09999999999999998,0.9411764705882353,0.8,1.0588235294117647,1.1816789215686274,1.2,1.6052083333333331,5.022135416666667,0.2866443452380952,0.11125578703703701,24.551838636398315,15.828758478164673,2.7267634868621826,1.6482770442962646,1.9082129001617432,17.038196325302124,25.674338636398314,3.8492634868621827,4.030712900161744,19.160696325302123,4.849263486862183,17.52044127190137,6.669935358809992,0.8312010496195785,3.951259067941563,5.239959490740741,5.485503472222223,1.486644345238095,3.524689349893925,3.6898559428776396,True,False,False,False,False,True,True
0.8,32,0.5,0.5,5.0,2.5,0.5,0.1875,0.5625,0.062499999999999986,0.9411764705882353,0.8,0.2647058823529412,0.07385493259803921,0.3,0.10032552083333332,0.17936197916666666,0.03858673878205127,0.016688368055555552,1.1509954929351807,0.7107555866241455,0.4908740520477295,0.2592504024505615,0.43591856956481934,0.7819831371307373,1.4316204929351808,0.7714990520477295,0.9665435695648193,1.3126081371307374,1.0214990520477296,4.64828033744322,1.8556348049104436,0.9462011419660696,1.2849822371341817,0.4468272569444444,0.4549609375,0.33858673878205126,1.3196832768812832,1.3437057196527091,False,True,True,False,False,True,True
0.8,32,0.5,1.0,2.5,1.25,0.5,0.1875,0.5625,0.062499999999999986,0.9411764705882353,0.8,0.5294117647058824,0.29541973039215685,0.6,0.4013020833333333,0.3587239583333333,0.07717347756410255,0.033376736111111104,2.302020788192749,1.4214813709259033,0.9817779064178467,0.5185306072235107,0.871807336807251,1.563936471939087,2.8632707881927493,1.5430279064178467,1.933057336807251,2.625186471939087,2.043027906417847,4.64828033744322,1.855618279023779,0.9461727520876534,1.284948905344113,0.8936545138888888,0.909921875,0.6771734775641025,1.3196832768812832,1.3437057196527091,True,True,False,True,False,True,True
0.8,32,0.5,2.0,1.25,0.625,0.5,0.1875,0.5625,0.062499999999999986,0.9411764705882353,0.8,1.0588235294117647,1.1816789215686274,1.2,1.6052083333333331,0.7174479166666666,0.1543469551282051,0.06675347222222221,4.60401177406311,2.8429925441741943,1.9635260105133057,1.0370910167694092,1.7436444759368896,3.1279027462005615,5.726511774063111,3.0860260105133057,3.8661444759368897,5.250402746200562,4.086026010513306,4.64828033744322,1.8556265418873146,0.9461869469233276,1.284965571117591,1.7873090277777777,1.81984375,1.354346955128205,1.3196832768812832,1.3437057196527091,True,False,False,False,False,True,True
0.8,32,0.65,0.5,5.0,3.25,0.65,0.24375,0.73125,0.08124999999999999,0.9411764705882353,0.8,0.2647058823529412,0.07385493259803921,0.3,0.10032552083333332,0.3795800024224805,0.05389387482782368,0.022137631094104302,2.0901858806610107,1.3231933116912842,0.581592321395874,0.34359097480773926,0.4596412181854248,1.4297068119049072,2.370810880661011,0.862217321395874,0.9902662181854248,1.9603318119049074,1.1122173213958741,7.043100976412176,2.7496674235479537,0.8903531703162146,1.762543860982688,0.6080915281568052,0.6259636467232241,0.35389387482782364,1.7182878015412213,1.7687891519110575,True,True,True,True,True,True,True
0.8,32,0.65,1.0,2.5,1.625,0.65,0.24375,0.73125,0.08124999999999999,0.9411764705882353,0.8,0.5294117647058824,0.29541973039215685,0.6,0.4013020833333333,0.759160004844961,0.10778774965564736,0.044275262188208604,4.180401563644409,2.646416425704956,1.1632144451141357,0.6872117519378662,0.9192526340484619,2.8593838214874268,4.741651563644409,1.7244644451141358,1.980502634048462,3.920633821487427,2.224464445114136,7.043100976412176,2.7496371856658244,0.8903278442586406,1.7625068497268166,1.2161830563136105,1.2519272934464483,0.7077877496556473,1.7182878015412213,1.7687891519110575,True,True,False,True,False,True,True
0.8,32,0.65,2.0,1.25,0.8125,0.65,0.24375,0.73125,0.08124999999999999,0.9411764705882353,0.8,1.0588235294117647,1.1816789215686274,1.2,1.6052083333333331,1.518320009689922,0.21557549931129472,0.08855052437641721,8.36077332496643,5.292803049087524,2.326458692550659,1.3743937015533447,1.8385350704193115,5.718797445297241,9.483273324966431,3.4489586925506592,3.9610350704193116,7.841297445297242,4.44895869255066,7.043100976412176,2.7496047851918823,0.8903285789215513,1.7625017419079922,2.432366112627221,2.5038545868928965,1.4155754993112946,1.7182878015412213,1.7687891519110575,True,False,False,False,False,True,True
0.8,32,0.8,0.5,5.0,4.0,0.8,0.3,0.9,0.09999999999999998,0.9411764705882353,0.8,0.2647058823529412,0.07385493259803921,0.3,0.10032552083333332,1.2555338541666667,0.0716610863095238,0.027813946759259252,6.137937307357788,3.9571821689605713,0.6816685199737549,0.4120767116546631,0.47704577445983887,4.259556531906128,6.418562307357788,0.9622935199737549,1.007670774459839,4.790181531906128,1.212293519973755,17.52044127190137,6.670067057640422,0.8312102290884588,3.9513380653967616,1.3099898726851853,1.3713758680555557,0.37166108630952377,3.524689349893925,3.6898559428776396,True,True,False,True,False,True,True
0.8,32,0.8,1.0,2.5,2.0,0.8,0.3,0.9,0.09999999999999998,0.9411764705882353,0.8,0.5294117647058824,0.29541973039215685,0.6,0.4013020833333333,2.5110677083333335,0.1433221726190476,0.055627893518518504,12.275904417037964,7.91439414024353,1.3633668422698975,0.8241236209869385,0.9541213512420654,8.519083261489868,12.837154417037963,1.9246168422698975,2.0153713512420657,9.580333261489868,2.4246168422698977,17.52044127190137,6.6699792577403585,0.8312123037779853,3.9512772057299053,2.6199797453703706,2.7427517361111113,0.7433221726190475,3.524689349893925,3.6898559428776396,True,False,False,False,False,True,True
0.8,32,0.8,2.0,1.25,1.0,0.8,0.3,0.9,0.09999999999999998,0.9411764705882353,0.8,1.0588235294117647,1.1816789215686274,1.2,1.6052083333333331,5.022135416666667,0.2866443452380952,0.11125578703703701,24.551838636398315,15.828758478164673,2.7267634868621826,1.6482770442962646,1.9082129001617432,17.038196325302124,25.674338636398314,3.8492634868621827,4.030712900161744,19.160696325302123,4.849263486862183,17.52044127190137,6.669935358809992,0.8312010496195785,3.951259067941563,5.239959490740741,5.485503472222223,1.486644345238095,3.524689349893925,3.6898559428776396,True,False,False,False,False,True,True
0.8,64,0.5,0.5,5.0,2.5,0.5,0.1875,0.5625,0.062499999999999986,0.9411764705882353,0.8,0.2647058823529412,0.07385493259803921,0.3,0.10032552083333332,0.17936197916666666,0.03858673878205127,0.016688368055555552,1.1509954929351807,0.7107555866241455,0.4908740520477295,0.2592504024505615,0.43591856956481934,0.7819831371307373,1.4316204929351808,0.7714990520477295,0.9665435695648193,1.3126081371307374,1.0214990520477296,4.64828033744322,1.8556348049104436,0.9462011419660696,1.2849822371341817,0.4468272569444444,0.4549609375,0.33858673878205126,1.3196832768812832,1.3437057196527091,False,True,True,False,False,True,True
0.8,64,0.5,1.0,2.5,1.25,0.5,0.1875,0.5625,0.062499999999999986,0.9411764705882353,0.8,0.5294117647058824,0.29541973039215685,0.6,0.4013020833333333,0.3587239583333333,0.07717347756410255,0.033376736111111104,2.302020788192749,1.4214813709259033,0.9817779064178467,0.5185306072235107,0.871807336807251,1.563936471939087,2.8632707881927493,1.5430279064178467,1.933057336807251,2.625186471939087,2.043027906417847,4.64828033744322,1.855618279023779,0.9461727520876534,1.284948905344113,0.8936545138888888,0.909921875,0.6771734775641025,1.3196832768812832,1.3437057196527091,True,True,False,True,False,True,True
0.8,64,0.5,2.0,1.25,0.625,0.5,0.1875,0.5625,0.062499999999999986,0.9411764705882353,0.8,1.0588235294117647,1.1816789215686274,1.2,1.6052083333333331,0.7174479166666666,0.1543469551282051,0.06675347222222221,4.60401177406311,2.8429925441741943,1.9635260105133057,1.0370910167694092,1.7436444759368896,3.1279027462005615,5.726511774063111,3.0860260105133057,3.8661444759368897,5.250402746200562,4.086026010513306,4.64828033744322,1.8556265418873146,0.9461869469233276,1.284965571117591,1.7873090277777777,1.81984375,1.354346955128205,1.3196832768812832,1.3437057196527091,True,False,False,False,False,True,True
0.8,64,0.65,0.5,5.0,3.25,0.65,0.24375,0.73125,0.08124999999999999,0.9411764705882353,0.8,0.2647058823529412,0.07385493259803921,0.3,0.10032552083333332,0.3795800024224805,0.05389387482782368,0.022137631094104302,2.0901858806610107,1.3231933116912842,0.581592321395874,0.34359097480773926,0.4596412181854248,1.4297068119049072,2.370810880661011,0.862217321395874,0.9902662181854248,1.9603318119049074,1.1122173213958741,7.043100976412176,2.7496674235479537,0.8903531703162146,1.762543860982688,0.6080915281568052,0.6259636467232241,0.35389387482782364,1.7182878015412213,1.7687891519110575,True,True,True,True,True,True,True
0.8,64,0.65,1.0,2.5,1.625,0.65,0.24375,0.73125,0.08124999999999999,0.9411764705882353,0.8,0.5294117647058824,0.29541973039215685,0.6,0.4013020833333333,0.759160004844961,0.10778774965564736,0.044275262188208604,4.180401563644409,2.646416425704956,1.1632144451141357,0.6872117519378662,0.9192526340484619,2.8593838214874268,4.741651563644409,1.7244644451141358,1.980502634048462,3.920633821487427,2.224464445114136,7.043100976412176,2.7496371856658244,0.8903278442586406,1.7625068497268166,1.2161830563136105,1.2519272934464483,0.7077877496556473,1.7182878015412213,1.7687891519110575,True,True,False,True,False,True,True
0.8,64,0.65,2.0,1.25,0.8125,0.65,0.24375,0.73125,0.08124999999999999,0.9411764705882353,0.8,1.0588235294117647,1.1816789215686274,1.2,1.6052083333333331,1.518320009689922,0.21557549931129472,0.08855052437641721,8.36077332496643,5.292803049087524,2.326458692550659,1.3743937015533447,1.8385350704193115,5.718797445297241,9.483273324966431,3.4489586925506592,3.9610350704193116,7.841297445297242,4.44895869255066,7.043100976412176,2.7496047851918823,0.8903285789215513,1.7625017419079922,2.432366112627221,2.5038545868928965,1.4155754993112946,1.7182878015412213,1.7687891519110575,True,False,False,False,False,True,True
0.8,64,0.8,0.5,5.0,4.0,0.8,0.3,0.9,0.09999999999999998,0.9411764705882353,0.8,0.2647058823529412,0.07385493259803921,0.3,0.10032552083333332,1.2555338541666667,0.0716610863095238,0.027813946759259252,6.137937307357788,3.9571821689605713,0.6816685199737549,0.4120767116546631,0.47704577445983887,4.259556531906128,6.418562307357788,0.9622935199737549,1.007670774459839,4.790181531906128,1.212293519973755,17.52044127190137,6.670067057640422,0.8312102290884588,3.9513380653967616,1.3099898726851853,1.3713758680555557,0.37166108630952377,3.524689349893925,3.6898559428776396,True,True,False,True,False,True,True
0.8,64,0.8,1.0,2.5,2.0,0.8,0.3,0.9,0.09999999999999998,0.9411764705882353,0.8,0.5294117647058824,0.29541973039215685,0.6,0.4013020833333333,2.5110677083333335,0.1433221726190476,0.055627893518518504,12.275904417037964,7.91439414024353,1.3633668422698975,0.8241236209869385,0.9541213512420654,8.519083261489868,12.837154417037963,1.9246168422698975,2.0153713512420657,9.580333261489868,2.4246168422698977,17.52044127190137,6.6699792577403585,0.8312123037779853,3.9512772057299053,2.6199797453703706,2.7427517361111113,0.7433221726190475,3.524689349893925,3.6898559428776396,True,False,False,False,False,True,True
0.8,64,0.8,2.0,1.25,1.0,0.8,0.3,0.9,0.09999999999999998,0.9411764705882353,0.8,1.0588235294117647,1.1816789215686274,1.2,1.6052083333333331,5.022135416666667,0.2866443452380952,0.11125578703703701,24.551838636398315,15.828758478164673,2.7267634868621826,1.6482770442962646,1.9082129001617432,17.038196325302124,25.674338636398314,3.8492634868621827,4.030712900161744,19.160696325302123,4.849263486862183,17.52044127190137,6.669935358809992,0.8312010496195785,3.951259067941563,5.239959490740741,5.485503472222223,1.486644345238095,3.524689349893925,3.6898559428776396,True,False,False,False,False,True,True
0.9,8,0.5,0.5,4.444444444444445,2.2222222222222223,0.5,0.1527777777777778,0.5277777777777778,0.027777777777777773,0.9729729729729729,0.9,0.2567567567567568,0.06789308840090091,0.275,0.08157552083333333,0.1477673100490196,0.026746072404371584,0.007152157738095236,0.9738504886627197,0.6003677845001221,0.4125535488128662,0.20608305931091309,0.3261864185333252,0.6550848484039307,1.2544754886627199,0.6931785488128662,0.8568114185333252,1.1857098484039308,0.9431785488128662,5.524822778273321,1.8097436667812754,0.9084297131351776,1.2571425101814786,0.4087057948179271,0.41222117362570027,0.3017460724043716,1.3544693111041333,1.3661194339367584,False,True,True,False,False,True,True
0.9,8,0.5,1.0,2.2222222222222223,1.1111111111111112,0.5,0.1527777777777778,0.5277777777777778,0.027777777777777773,0.9729729729729729,0.9,0.5135135135135136,0.27157235360360366,0.55,0.3263020833333333,0.2955346200980392,0.05349214480874317,0.014304315476190472,1.9477307796478271,1.2007057666778564,0.8250772953033447,0.41219592094421387,0.6523430347442627,1.310199499130249,2.5089807796478274,1.3863272953033448,1.7135930347442627,2.3714494991302493,1.8863272953033448,5.524822778273321,1.8098040687418138,0.9084282664046887,1.257178171060124,0.8174115896358543,0.8244423472514005,0.6034921448087432,1.3544693111041333,1.3661194339367584,True,True,False,True,False,True,True
0.9,8,0.5,2.0,1.1111111111111112,0.5555555555555556,0.5,0.1527777777777778,0.5277777777777778,0.027777777777777773,0.9729729729729729,0.9,1.0270270270270272,1.0862894144144146,1.1,1.3052083333333333,0.5910692401960784,0.10698428961748634,0.028608630952380944,3.895491361618042,2.4014413356781006,1.6501247882843018,0.8244216442108154,1.3046562671661377,2.6204288005828857,5.0179913616180425,2.772624788284302,3.4271562671661377,4.742928800582886,3.772624788284302,5.524822778273321,1.8098342706959538,0.9084275430223012,1.257196001922008,1.6348231792717085,1.648884694502801,1.2069842896174865,1.3544693111041333,1.3661194339367584,True,False,False,False,False,True,True
0.9,8,0.65,0.5,4.444444444444445,2.8888888888888893,0.6500000000000001,0.19861111111111115,0.6861111111111112,0.03611111111111111,0.9729729729729729,0.9,0.2567567567567568,0.06789308840090091,0.275,0.08157552083333333,0.2889962435471978,0.03675846692663201,0.009378189541306434,1.6403496265411377,1.0338127613067627,0.46250224113464355,0.2377331256866455,0.3701150417327881,1.1179745197296143,1.9209746265411378,0.7431272411346436,0.9007400417327881,1.6485995197296144,0.9931272411346436,7.862032008136228,2.5849874963648194,0.9069734515626583,1.6600083568809336,0.5360344381466087,0.5430248894967559,0.311758466926632,1.7193901529954498,1.7418128041556902,False,True,True,False,False,True,True
0.9,8,0.65,1.0,2.2222222222222223,1.4444444444444446,0.6500000000000001,0.19861111111111115,0.6861111111111112,0.03611111111111111,0.9729729729729729,0.9,0.5135135135135136,0.27157235360360366,0.55,0.3263020833333333,0.5779924870943955,0.07351693385326402,0.018756379082612868,3.2806694507598877,2.0675957202911377,0.9249746799468994,0.4754960536956787,0.7402002811431885,2.235978841781616,3.841919450759888,1.4862246799468994,1.8014502811431885,3.2972288417816165,1.9862246799468994,7.862032008136228,2.5850192791154254,0.9069720557451483,1.6600482689953113,1.0720688762932173,1.0860497789935117,0.623516933853264,1.7193901529954498,1.7418128041556902,True,True,False,True,False,True,True
0.9,8,0.65,2.0,1.1111111111111112,0.7222222222222223,0.6500000000000001,0.19861111111111115,0.6861111111111112,0.03611111111111111,0.9729729729729729,0.9,1.0270270270270272,1.0862894144144146,1.1,1.3052083333333333,1.155984974188791,0.14703386770652804,0.037512758165225736,6.561309099197388,4.135161638259888,1.8499791622161865,0.9510219097137451,1.4803707599639893,4.471927881240845,7.683809099197388,2.9724791622161866,3.6028707599639893,6.594427881240845,3.9724791622161866,7.862032008136228,2.5849833354150693,0.906957749264568,1.6600283127884081,2.1441377525864347,2.1720995579870235,1.247033867706528,1.7193901529954498,1.7418128041556902,True,False,False,False,False,True,True
0.9,8,0.8,0.5,4.444444444444445,3.555555555555556,0.8,0.2444444444444445,0.8444444444444444,0.04444444444444444,0.9729729729729729,0.9,0.2567567567567568,0.06789308840090091,0.275,0.08157552083333333,0.7177269345238095,0.04798560049019609,0.011643047480620153,3.6277472972869873,2.327173948287964,0.511854887008667,0.27891993522644043,0.39836764335632324,2.5074779987335205,3.9083722972869874,0.792479887008667,0.9289926433563233,3.0381029987335206,1.0424798870086671,14.957131455934325,4.931825225293375,0.8911372343326559,2.914303706569508,0.9221185458194906,0.9397706429955703,0.3229856004901961,2.8549834556710545,2.9096363477792138,True,True,False,True,False,True,True
0.9,8,0.8,1.0,2.2222222222222223,1.777777777777778,0.8,0.2444444444444445,0.8444444444444444,0.04444444444444444,0.9729729729729729,0.9,0.5135135135135136,0.27157235360360366,0.55,0.3263020833333333,1.435453869047619,0.09597120098039218,0.023286094961240306,7.255464792251587,4.65431809425354,1.0236799716949463,0.5578100681304932,0.7967650890350342,5.014926195144653,7.816714792251587,1.5849299716949463,1.8580150890350342,6.076176195144654,2.0849299716949465,14.957131455934325,4.931899157596397,0.891164266550669,2.91433106993278,1.8442370916389812,1.8795412859911407,0.6459712009803922,2.8549834556710545,2.9096363477792138,True,True,False,True,False,True,True
0.9,8,0.8,2.0,1.1111111111111112,0.888888888888889,0.8,0.2444444444444445,0.8444444444444444,0.04444444444444444,0.9729729729729729,0.9,1.0270270270270272,1.0862894144144146,1.1,1.3052083333333333,2.870907738095238,0.19194240196078435,0.04657218992248061,14.510959386825562,9.308606386184692,2.0473897457122803,1.115649938583374,1.593559980392456,10.029882192611694,15.633459386825562,3.1698897457122803,3.716059980392456,12.152382192611695,4.169889745712281,14.957131455934325,4.931862191097341,0.8911650444027979,2.9143173881533606,3.6884741832779624,3.7590825719822814,1.2919424019607844,2.8549834556710545,2.9096363477792138,True,False,False,False,False,True,True
0.9,16,0.5,0.5,4.444444444444445,2.2222222222222223,0.5,0.1527777777777778,0.5277777777777778,0.027777777777777773,0.9729729729729729,0.9,0.2567567567567568,0.06789308840090091,0.275,0.08157552083333333,0.1477673100490196,0.026746072404371584,0.007152157738095236,0.9738504886627197,0.6003677845001221,0.4125535488128662,0.20608305931091309,0.3261864185333252,0.6550848484039307,1.2544754886627199,0.6931785488128662,0.8568114185333252,1.1857098484039308,0.9431785488128662,5.524822778273321,1.8097436667812754,0.9084297131351776,1.2571425101814786,0.4087057948179271,0.41222117362570027,0.3017460724043716,1.3544693111041333,1.3661194339367584,False,True,True,False,False,True,True
0.9,16,0.5,1.0,2.2222222222222223,1.1111111111111112,0.5,0.1527777777777778,0.5277777777777778,0.027777777777777773,0.9729729729729729,0.9,0.5135135135135136,0.27157235360360366,0.55,0.3263020833333333,0.2955346200980392,0.05349214480874317,0.014304315476190472,1.9477307796478271,1.2007057666778564,0.8250772953033447,0.41219592094421387,0.6523430347442627,1.310199499130249,2.5089807796478274,1.3863272953033448,1.7135930347442627,2.3714494991302493,1.8863272953033448,5.524822778273321,1.8098040687418138,0.9084282664046887,1.257178171060124,0.8174115896358543,0.8244423472514005,0.6034921448087432,1.3544693111041333,1.3661194339367584,True,True,False,True,False,True,True
0.9,16,0.5,2.0,1.1111111111111112,0.5555555555555556,0.5,0.1527777777777778,0.5277777777777778,0.027777777777777773,0.9729729729729729,0.9,1.0270270270270272,1.0862894144144146,1.1,1.3052083333333333,0.5910692401960784,0.10698428961748634,0.028608630952380944,3.895491361618042,2.4014413356781006,1.6501247882843018,0.8244216442108154,1.3046562671661377,2.6204288005828857,5.0179913616180425,2.772624788284302,3.4271562671661377,4.742928800582886,3.772624788284302,5.524822778273321,1.8098342706959538,0.9084275430223012,1.257196001922008,1.6348231792717085,1.648884694502801,1.2069842896174865,1.3544693111041333,1.3661194339367584,True,False,False,False,False,True,True
0.9,16,0.65,0.5,4.444444444444445,2.8888888888888893,0.6500000000000001,0.19861111111111115,0.6861111111111112,0.03611111111111111,0.9729729729729729,0.9,0.2567567567567568,0.06789308840090091,0.275,0.08157552083333333,0.2889962435471978,0.03675846692663201,0.009378189541306434,1.6403496265411377,1.0338127613067627,0.46250224113464355,0.2377331256866455,0.3701150417327881,1.1179745197296143,1.9209746265411378,0.7431272411346436,0.9007400417327881,1.6485995197296144,0.9931272411346436,7.862032008136228,2.5849874963648194,0.9069734515626583,1.6600083568809336,0.5360344381466087,0.5430248894967559,0.311758466926632,1.7193901529954498,1.7418128041556902,False,True,True,False,False,True,True
0.9,16,0.65,1.0,2.2222222222222223,1.4444444444444446,0.6500000000000001,0.19861111111111115,0.6861111111111112,0.03611111111111111,0.9729729729729729,0.9,0.5135135135135136,0.27157235360360366,0.55,0.3263020833333333,0.5779924870943955,0.07351693385326402,0.018756379082612868,3.2806694507598877,2.0675957202911377,0.9249746799468994,0.4754960536956787,0.7402002811431885,2.235978841781616,3.841919450759888,1.4862246799468994,1.8014502811431885,3.2972288417816165,1.9862246799468994,7.862032008136228,2.5850192791154254,0.9069720557451483,1.6600482689953113,1.0720688762932173,1.0860497789935117,0.623516933853264,1.7193901529954498,1.7418128041556902,True,True,False,True,False,True,True
0.9,16,0.65,2.0,1.1111111111111112,0.7222222222222223,0.6500000000000001,0.19861111111111115,0.6861111111111112,0.03611111111111111,0.9729729729729729,0.9,1.0270270270270272,1.0862894144144146,1.1,1.3052083333333333,1.155984974188791,0.14703386770652804,0.037512758165225736,6.561309099197388,4.135161638259888,1.8499791622161865,0.9510219097137451,1.4803707599639893,4.471927881240845,7.683809099197388,2.9724791622161866,3.6028707599639893,6.594427881240845,3.9724791622161866,7.862032008136228,2.5849833354150693,0.906957749264568,1.6600283127884081,2.1441377525864347,2.1720995579870235,1.247033867706528,1.7193901529954498,1.7418128041556902,True,False,False,False,False,True,True
0.9,16,0.8,0.5,4.444444444444445,3.555555555555556,0.8,0.2444444444444445,0.8444444444444444,0.04444444444444444,0.9729729729729729,0.9,0.2567567567567568,0.06789308840090091,0.275,0.08157552083333333,0.7177269345238095,0.04798560049019609,0.011643047480620153,3.6277472972869873,2.327173948287964,0.511854887008667,0.27891993522644043,0.39836764335632324,2.5074779987335205,3.9083722972869874,0.792479887008667,0.9289926433563233,3.0381029987335206,1.0424798870086671,14.957131455934325,4.931825225293375,0.8911372343326559,2.914303706569508,0.9221185458194906,0.9397706429955703,0.3229856004901961,2.8549834556710545,2.9096363477792138,True,True,False,True,False,True,True
0.9,16,0.8,1.0,2.2222222222222223,1.777777777777778,0.8,0.2444444444444445,0.8444444444444444,0.04444444444444444,0.9729729729729729,0.9,0.5135135135135136,0.27157235360360366,0.55,0.3263020833333333,1.435453869047619,0.09597120098039218,0.023286094961240306,7.255464792251587,4.65431809425354,1.0236799716949463,0.5578100681304932,0.7967650890350342,5.014926195144653,7.816714792251587,1.5849299716949463,1.8580150890350342,6.076176195144654,2.0849299716949465,14.957131455934325,4.931899157596397,0.891164266550669,2.91433106993278,1.8442370916389812,1.8795412859911407,0.6459712009803922,2.8549834556710545,2.9096363477792138,True,True,False,True,False,True,True
0.9,16,0.8,2.0,1.1111111111111112,0.888888888888889,0.8,0.2444444444444445,0.8444444444444444,0.04444444444444444,0.9729729729729729,0.9,1.0270270270270272,1.0862894144144146,1.1,1.3052083333333333,2.870907738095238,0.19194240196078435,0.04657218992248061,14.510959386825562,9.308606386184692,2.0473897457122803,1.115649938583374,1.593559980392456,10.029882192611694,15.633459386825562,3.1698897457122803,3.716059980392456,12.152382192611695,4.169889745712281,14.957131455934325,4.931862191097341,0.8911650444027979,2.9143173881533606,3.6884741832779624,3.7590825719822814,1.2919424019607844,2.8549834556710545,2.9096363477792138,True,False,False,False,False,True,True
0.9,32,0.5,0.5,4.444444444444445,2.2222222222222223,0.5,0.1527777777777778,0.5277777777777778,0.027777777777777773,0.9729729729729729,0.9,0.2567567567567568,0.06789308840090091,0.275,0.08157552083333333,0.1477673100490196,0.026746072404371584,0.007152157738095236,0.9738504886627197,0.6003677845001221,0.4125535488128662,0.20608305931091309,0.3261864185333252,0.6550848484039307,1.2544754886627199,0.6931785488128662,0.8568114185333252,1.1857098484039308,0.9431785488128662,5.524822778273321,1.8097436667812754,0.9084297131351776,1.2571425101814786,0.4087057948179271,0.41222117362570027,0.3017460724043716,1.3544693111041333,1.3661194339367584,False,True,True,False,False,True,True
0.9,32,0.5,1.0,2.2222222222222223,1.1111111111111112,0.5,0.1527777777777778,0.5277777777777778,0.027777777777777773,0.9729729729729729,0.9,0.5135135135135136,0.27157235360360366,0.55,0.3263020833333333,0.2955346200980392,0.05349214480874317,0.014304315476190472,1.9477307796478271,1.2007057666778564,0.8250772953033447,0.41219592094421387,0.6523430347442627,1.310199499130249,2.5089807796478274,1.3863272953033448,1.7135930347442627,2.3714494991302493,1.8863272953033448,5.524822778273321,1.8098040687418138,0.9084282664046887,1.257178171060124,0.8174115896358543,0.8244423472514005,0.6034921448087432,1.3544693111041333,1.3661194339367584,True,True,False,True,False,True,True
0.9,32,0.5,2.0,1.1111111111111112,0.5555555555555556,0.5,0.1527777777777778,0.5277777777777778,0.027777777777777773,0.9729729729729729,0.9,1.0270270270270272,1.0862894144144146,1.1,1.3052083333333333,0.5910692401960784,0.10698428961748634,0.028608630952380944,3.895491361618042,2.4014413356781006,1.6501247882843018,0.8244216442108154,1.3046562671661377,2.6204288005828857,5.0179913616180425,2.772624788284302,3.4271562671661377,4.742928800582886,3.772624788284302,5.524822778273321,1.8098342706959538,0.9084275430223012,1.257196001922008,1.6348231792717085,1.648884694502801,1.2069842896174865,1.3544693111041333,1.3661194339367584,True,False,False,False,False,True,True
0.9,32,0.65,0.5,4.444444444444445,2.8888888888888893,0.6500000000000001,0.19861111111111115,0.6861111111111112,0.03611111111111111,0.9729729729729729,0.9,0.2567567567567568,0.06789308840090091,0.275,0.08157552083333333,0.2889962435471978,0.03675846692663201,0.009378189541306434,1.6403496265411377,1.0338127613067627,0.46250224113464355,0.2377331256866455,0.3701150417327881,1.1179745197296143,1.9209746265411378,0.7431272411346436,0.9007400417327881,1.6485995197296144,0.9931272411346436,7.862032008136228,2.5849874963648194,0.9069734515626583,1.6600083568809336,0.5360344381466087,0.5430248894967559,0.311758466926632,1.7193901529954498,1.7418128041556902,False,True,True,False,False,True,True
0.9,32,0.65,1.0,2.2222222222222223,1.4444444444444446,0.6500000000000001,0.19861111111111115,0.6861111111111112,0.03611111111111111,0.9729729729729729,0.9,0.5135135135135136,0.27157235360360366,0.55,0.3263020833333333,0.5779924870943955,0.07351693385326402,0.018756379082612868,3.2806694507598877,2.0675957202911377,0.9249746799468994,0.4754960536956787,0.7402002811431885,2.235978841781616,3.841919450759888,1.4862246799468994,1.8014502811431885,3.2972288417816165,1.9862246799468994,7.862032008136228,2.5850192791154254,0.9069720557451483,1.6600482689953113,1.0720688762932173,1.0860497789935117,0.623516933853264,1.7193901529954498,1.7418128041556902,True,True,False,True,False,True,True
0.9,32,0.65,2.0,1.1111111111111112,0.7222222222222223,0.6500000000000001,0.19861111111111115,0.6861111111111112,0.03611111111111111,0.9729729729729729,0.9,1.0270270270270272,1.0862894144144146,1.1,1.3052083333333333,1.155984974188791,0.14703386770652804,0.037512758165225736,6.561309099197388,4.135161638259888,1.8499791622161865,0.9510219097137451,1.4803707599639893,4.471927881240845,7.683809099197388,2.9724791622161866,3.6028707599639893,6.594427881240845,3.9724791622161866,7.862032008136228,2.5849833354150693,0.906957749264568,1.6600283127884081,2.1441377525864347,2.1720995579870235,1.247033867706528,1.7193901529954498,1.7418128041556902,True,False,False,False,False,True,True
0.9,32,0.8,0.5,4.444444444444445,3.555555555555556,0.8,0.2444444444444445,0.8444444444444444,0.04444444444444444,0.9729729729729729,0.9,0.2567567567567568,0.06789308840090091,0.275,0.08157552083333333,0.7177269345238095,0.04798560049019609,0.011643047480620153,3.6277472972869873,2.327173948287964,0.511854887008667,0.27891993522644043,0.39836764335632324,2.5074779987335205,3.9083722972869874,0.792479887008667,0.9289926433563233,3.0381029987335206,1.0424798870086671,14.957131455934325,4.931825225293375,0.8911372343326559,2.914303706569508,0.9221185458194906,0.9397706429955703,0.3229856004901961,2.8549834556710545,2.9096363477792138,True,True,False,True,False,True,True
0.9,32,0.8,1.0,2.2222222222222223,1.777777777777778,0.8,0.2444444444444445,0.8444444444444444,0.04444444444444444,0.9729729729729729,0.9,0.5135135135135136,0.27157235360360366,0.55,0.3263020833333333,1.435453869047619,0.09597120098039218,0.023286094961240306,7.255464792251587,4.65431809425354,1.0236799716949463,0.5578100681304932,0.7967650890350342,5.014926195144653,7.816714792251587,1.5849299716949463,1.8580150890350342,6.076176195144654,2.0849299716949465,14.957131455934325,4.931899157596397,0.891164266550669,2.91433106993278,1.8442370916389812,1.8795412859911407,0.6459712009803922,2.8549834556710545,2.9096363477792138,True,True,False,True,False,True,True
0.9,32,0.8,2.0,1.1111111111111112,0.888888888888889,0.8,0.2444444444444445,0.8444444444444444,0.04444444444444444,0.9729729729729729,0.9,1.0270270270270272,1.0862894144144146,1.1,1.3052083333333333,2.870907738095238,0.19194240196078435,0.04657218992248061,14.510959386825562,9.308606386184692,2.0473897457122803,1.115649938583374,1.593559980392456,10.029882192611694,15.633459386825562,3.1698897457122803,3.716059980392456,12.152382192611695,4.169889745712281,14.957131455934325,4.931862191097341,0.8911650444027979,2.9143173881533606,3.6884741832779624,3.7590825719822814,1.2919424019607844,2.8549834556710545,2.9096363477792138,True,False,False,False,False,True,True
0.9,64,0.5,0.5,4.444444444444445,2.2222222222222223,0.5,0.1527777777777778,0.5277777777777778,0.027777777777777773,0.9729729729729729,0.9,0.2567567567567568,0.06789308840090091,0.275,0.08157552083333333,0.1477673100490196,0.026746072404371584,0.007152157738095236,0.9738504886627197,0.6003677845001221,0.4125535488128662,0.20608305931091309,0.3261864185333252,0.6550848484039307,1.2544754886627199,0.6931785488128662,0.8568114185333252,1.1857098484039308,0.9431785488128662,5.524822778273321,1.8097436667812754,0.9084297131351776,1.2571425101814786,0.4087057948179271,0.41222117362570027,0.3017460724043716,1.3544693111041333,1.3661194339367584,False,True,True,False,False,True,True
0.9,64,0.5,1.0,2.2222222222222223,1.1111111111111112,0.5,0.1527777777777778,0.5277777777777778,0.027777777777777773,0.9729729729729729,0.9,0.5135135135135136,0.27157235360360366,0.55,0.3263020833333333,0.2955346200980392,0.05349214480874317,0.014304315476190472,1.9477307796478271,1.2007057666778564,0.8250772953033447,0.41219592094421387,0.6523430347442627,1.310199499130249,2.5089807796478274,1.3863272953033448,1.7135930347442627,2.3714494991302493,1.8863272953033448,5.524822778273321,1.8098040687418138,0.9084282664046887,1.257178171060124,0.8174115896358543,0.8244423472514005,0.6034921448087432,1.3544693111041333,1.3661194339367584,True,True,False,True,False,True,True
0.9,64,0.5,2.0,1.1111111111111112,0.5555555555555556,0.5,0.1527777777777778,0.5277777777777778,0.027777777777777773,0.9729729729729729,0.9,1.0270270270270272,1.0862894144144146,1.1,1.3052083333333333,0.5910692401960784,0.10698428961748634,0.028608630952380944,3.895491361618042,2.4014413356781006,1.6501247882843018,0.8244216442108154,1.3046562671661377,2.6204288005828857,5.0179913616180425,2.772624788284302,3.4271562671661377,4.742928800582886,3.772624788284302,5.524822778273321,1.8098342706959538,0.9084275430223012,1.257196001922008,1.6348231792717085,1.648884694502801,1.2069842896174865,1.3544693111041333,1.3661194339367584,True,False,False,False,False,True,True
0.9,64,0.65,0.5,4.444444444444445,2.8888888888888893,0.6500000000000001,0.19861111111111115,0.6861111111111112,0.03611111111111111,0.9729729729729729,0.9,0.2567567567567568,0.06789308840090091,0.275,0.08157552083333333,0.2889962435471978,0.03675846692663201,0.009378189541306434,1.6403496265411377,1.0338127613067627,0.46250224113464355,0.2377331256866455,0.3701150417327881,1.1179745197296143,1.9209746265411378,0.7431272411346436,0.9007400417327881,1.6485995197296144,0.9931272411346436,7.862032008136228,2.5849874963648194,0.9069734515626583,1.6600083568809336,0.5360344381466087,0.5430248894967559,0.311758466926632,1.7193901529954498,1.7418128041556902,False,True,True,False,False,True,True
0.9,64,0.65,1.0,2.2222222222222223,1.4444444444444446,0.6500000000000001,0.19861111111111115,0.6861111111111112,0.03611111111111111,0.9729729729729729,0.9,0.5135135135135136,0.27157235360360366,0.55,0.3263020833333333,0.5779924870943955,0.07351693385326402,0.018756379082612868,3.2806694507598877,2.0675957202911377,0.9249746799468994,0.4754960536956787,0.7402002811431885,2.235978841781616,3.841919450759888,1.4862246799468994,1.8014502811431885,3.2972288417816165,1.9862246799468994,7.862032008136228,2.5850192791154254,0.9069720557451483,1.6600482689953113,1.0720688762932173,1.0860497789935117,0.623516933853264,1.7193901529954498,1.7418128041556902,True,True,False,True,False,True,True
0.9,64,0.65,2.0,1.1111111111111112,0.7222222222222223,0.6500000000000001,0.19861111111111115,0.6861111111111112,0.03611111111111111,0.9729729729729729,0.9,1.0270270270270272,1.0862894144144146,1.1,1.3052083333333333,1.155984974188791,0.14703386770652804,0.037512758165225736,6.561309099197388,4.135161638259888,1.8499791622161865,0.9510219097137451,1.4803707599639893,4.471927881240845,7.683809099197388,2.9724791622161866,3.6028707599639893,6.594427881240845,3.9724791622161866,7.862032008136228,2.5849833354150693,0.906957749264568,1.6600283127884081,2.1441377525864347,2.1720995579870235,1.247033867706528,1.7193901529954498,1.7418128041556902,True,False,False,False,False,True,True
0.9,64,0.8,0.5,4.444444444444445,3.555555555555556,0.8,0.2444444444444445,0.8444444444444444,0.04444444444444444,0.9729729729729729,0.9,0.2567567567567568,0.06789308840090091,0.275,0.08157552083333333,0.7177269345238095,0.04798560049019609,0.011643047480620153,3.6277472972869873,2.327173948287964,0.511854887008667,0.27891993522644043,0.39836764335632324,2.5074779987335205,3.9083722972869874,0.792479887008667,0.9289926433563233,3.0381029987335206,1.0424798870086671,14.957131455934325,4.931825225293375,0.8911372343326559,2.914303706569508,0.9221185458194906,0.9397706429955703,0.3229856004901961,2.8549834556710545,2.9096363477792138,True,True,False,True,False,True,True
0.9,64,0.8,1.0,2.2222222222222223,1.777777777777778,0.8,0.2444444444444445,0.8444444444444444,0.04444444444444444,0.9729729729729729,0.9,0.5135135135135136,0.27157235360360366,0.55,0.3263020833333333,1.435453869047619,0.09597120098039218,0.023286094961240306,7.255464792251587,4.65431809425354,1.0236799716949463,0.5578100681304932,0.7967650890350342,5.014926195144653,7.816714792251587,1.5849299716949463,1.8580150890350342,6.076176195144654,2.0849299716949465,14.957131455934325,4.931899157596397,0.891164266550669,2.91433106993278,1.8442370916389812,1.8795412859911407,0.6459712009803922,2.8549834556710545,2.9096363477792138,True,True,False,True,False,True,True
0.9,64,0.8,2.0,1.1111111111111112,0.888888888888889,0.8,0.2444444444444445,0.8444444444444444,0.04444444444444444,0.9729729729729729,0.9,1.0270270270270272,1.0862894144144146,1.1,1.3052083333333333,2.870907738095238,0.19194240196078435,0.04657218992248061,14.510959386825562,9.308606386184692,2.0473897457122803,1.115649938583374,1.593559980392456,10.029882192611694,15.633459386825562,3.1698897457122803,3.716059980392456,12.152382192611695,4.169889745712281,14.957131455934325,4.931862191097341,0.8911650444027979,2.9143173881533606,3.6884741832779624,3.7590825719822814,1.2919424019607844,2.8549834556710545,2.9096363477792138,True,False,False,False,False,True,True
