condition,cv,policy,n_prefill,service_scale,transfer_scale,seed,n_completed,n_arrivals,ttft_p50,ttft_p95,ttft_p99,qfrac_p99,qfrac_p95,attainment_p95_slo,throughput,max_pair_share
A,1,affine,1,0.5,0.7,1,5000,5000,0.07129908938833296,0.4828058291285565,0.6170256349672981,0.7347435499009611,0.2666922271255591,1.0,3.0136061637216676,0.6444
A,1,affine,1,0.5,0.7,2,5000,5000,0.07148789413561474,0.5081557457445115,0.6701515533307468,0.7813826373126661,0.410021873305533,1.0,3.038526856973073,0.766
A,1,affine,1,0.5,0.7,3,5000,5000,0.07109643199678928,0.4936342952179019,0.6294523618193747,0.7749722079554531,0.34782315861590285,1.0,3.0287309040653643,0.771
A,1,affine,1,0.5,0.7,4,5000,5000,0.0712397508039544,0.4974405521808933,0.663036287576673,0.7762502865086137,0.3901848714702787,1.0,3.0266490070587078,0.7692
A,1,affine,1,0.5,0.7,5,5000,5000,0.0718956731188709,0.4951168385283893,0.6320054335270741,0.7792483052411812,0.41593737964196087,1.0,3.07016459852269,0.7632
A,1,affine,1,0.5,1.0,1,5000,5000,0.07402600480446608,0.48531999081501326,0.6214402478678985,0.7270863848364275,0.26232314687133407,1.0,3.0136061637216676,0.6444
A,1,affine,1,0.5,1.0,2,5000,5000,0.07418234123690581,0.5105958425514019,0.6719468302714774,0.7777144811426565,0.40384044360505666,1.0,3.038526856973073,0.766
A,1,affine,1,0.5,1.0,3,5000,5000,0.0736978880904644,0.49629109402627025,0.6341559898550797,0.7702537990177231,0.34328224610311026,1.0,3.0287309040653643,0.771
A,1,affine,1,0.5,1.0,4,5000,5000,0.07384452015816123,0.49996359821701053,0.6655922073796982,0.7698778495923152,0.3849764943161312,1.0,3.0266490070587078,0.7692
A,1,affine,1,0.5,1.0,5,5000,5000,0.07461866365269998,0.49705351372465434,0.6338542088941556,0.7752664721335076,0.41063373553392835,1.0,3.07016459852269,0.7632
A,1,affine,1,0.5,1.4,1,5000,5000,0.07732238849365558,0.48875337535548063,0.6247363472216112,0.7189236649495563,0.25610383454145097,1.0,3.0136061637216676,0.6444
A,1,affine,1,0.5,1.4,2,5000,5000,0.07775962042012452,0.5135958908768068,0.6743064531193904,0.7721645902875903,0.3960443646477796,1.0,3.038526856973073,0.766
A,1,affine,1,0.5,1.4,3,5000,5000,0.07716529951068196,0.49920460058675076,0.6374246463589237,0.7638215788383824,0.3350781989940978,1.0,3.0287309040653643,0.771
A,1,affine,1,0.5,1.4,4,5000,5000,0.0773450952372059,0.5028567375494433,0.6689912200996201,0.766364814322509,0.3778917576028615,1.0,3.0266490070587078,0.7692
A,1,affine,1,0.5,1.4,5,5000,5000,0.07808801350125805,0.5001609307484348,0.6360143860561447,0.7700608292629384,0.40450065372379307,1.0,3.07016459852269,0.7632
A,1,affine,1,1.0,0.7,1,5000,5000,0.15201914007161577,1.0418581939204103,1.341063827417261,0.8793257715994649,0.7287425941791292,1.0,3.0136061637216676,0.5594
A,1,affine,1,1.0,0.7,2,5000,5000,0.1520441971826756,1.087185644777343,1.476487315335391,0.8904248902539375,0.7562576560749854,1.0,3.038526856973073,0.648
A,1,affine,1,1.0,0.7,3,5000,5000,0.15235957212114215,1.0654440627304278,1.3560362839683788,0.883781335866864,0.7484017193501803,1.0,3.0287309040653643,0.6516
A,1,affine,1,1.0,0.7,4,5000,5000,0.1505803697385204,1.0726875134538432,1.4175142559141467,0.8828393141803479,0.7443185536789134,1.0,3.0266490070587078,0.6408
A,1,affine,1,1.0,0.7,5,5000,5000,0.15387551689411794,1.0897092404788227,1.5116917735481379,0.8916847104379245,0.7610807675144715,1.0,3.07016459852269,0.644
A,1,affine,1,1.0,1.0,1,5000,5000,0.15425616794316,1.0437801902670631,1.3443939403697118,0.8769490588678931,0.7232138258319248,1.0,3.0136061637216676,0.5594
A,1,affine,1,1.0,1.0,2,5000,5000,0.15465559568525578,1.0901024320043136,1.4810508024550608,0.8878626104308603,0.7531665717133836,1.0,3.038526856973073,0.648
A,1,affine,1,1.0,1.0,3,5000,5000,0.15459709005560285,1.068198050908287,1.360560775774855,0.8810481202521347,0.7468014158798266,1.0,3.0287309040653643,0.6516
A,1,affine,1,1.0,1.0,4,5000,5000,0.1531693121446267,1.0744448967741562,1.4185966839664068,0.880353548753906,0.7416809118724121,1.0,3.0266490070587078,0.6408
A,1,affine,1,1.0,1.0,5,5000,5000,0.1568071055045266,1.0925221441339148,1.5140878345700266,0.8865661307327807,0.7582798405686996,1.0,3.07016459852269,0.644
A,1,affine,1,1.0,1.4,1,5000,5000,0.15770438257862907,1.047299739071298,1.3487943215011509,0.8739692224455997,0.7195768252875369,1.0,3.0136061637216676,0.5594
A,1,affine,1,1.0,1.4,2,5000,5000,0.1576545734273509,1.093459391218943,1.4871354519479447,0.8855720927006768,0.7474394816203066,1.0,3.038526856973073,0.648
A,1,affine,1,1.0,1.4,3,5000,5000,0.15748323805235032,1.0701817321265967,1.3659000745211598,0.8793361131016288,0.7419761853279708,1.0,3.0287309040653643,0.6516
A,1,affine,1,1.0,1.4,4,5000,5000,0.15707232691596573,1.0766665236647561,1.4200399213694483,0.8762828945311767,0.7398002062453173,1.0,3.0266490070587078,0.6408
A,1,affine,1,1.0,1.4,5,5000,5000,0.16041338552840045,1.0949133811012985,1.518942479902726,0.8831311814621399,0.7530807531458037,1.0,3.07016459852269,0.644
A,1,affine,1,2.0,0.7,1,5000,5000,0.8698853188793976,3.6608369379779147,5.435213821050822,0.953106031486835,0.9256808631356956,0.9632,3.016012082964095,0.5086
A,1,affine,1,2.0,0.7,2,5000,5000,1.0148508296675232,4.69347169769568,7.280121178021972,0.9706733933218871,0.94206016792763,0.9198,3.038623161478537,0.514
A,1,affine,1,2.0,0.7,3,5000,5000,0.990646601248244,4.360646392622776,6.809255526226995,0.9667098148733757,0.9372505847154551,0.9348,3.0287309040653643,0.5068
A,1,affine,1,2.0,0.7,4,5000,5000,0.9318861880854001,4.0753438412066885,6.119765177633148,0.9630099926745628,0.9363791098086122,0.9464,3.0266490070587078,0.5266
A,1,affine,1,2.0,0.7,5,5000,5000,1.0375472801483738,5.219382292709296,7.755518952489506,0.972406176288092,0.9421953249129816,0.9194,3.07016459852269,0.5274
A,1,affine,1,2.0,1.0,1,5000,5000,0.8720736251953554,3.6634874142818696,5.437238395397388,0.9524703313586191,0.9245514672626072,0.9632,3.016012082964095,0.5086
A,1,affine,1,2.0,1.0,2,5000,5000,1.0167993110820248,4.69649894882001,7.282406810423027,0.9699843598705221,0.9410074810674386,0.9194,3.038623161478537,0.514
A,1,affine,1,2.0,1.0,3,5000,5000,0.9927656567768963,4.363127197991963,6.810940898334786,0.9660683770558496,0.936759633264232,0.9348,3.0287309040653643,0.5068
A,1,affine,1,2.0,1.0,4,5000,5000,0.933982005289181,4.076686471855163,6.122517885931905,0.9624742907871916,0.9352790213955556,0.9464,3.0266490070587078,0.5266
A,1,affine,1,2.0,1.0,5,5000,5000,1.0392694576287909,5.221925812295727,7.757562061514279,0.9716465138716511,0.941646303772347,0.9194,3.07016459852269,0.5274
A,1,affine,1,2.0,1.4,1,5000,5000,0.875105782892831,3.667021382687074,5.439937827859477,0.9516608404023592,0.9234839257742871,0.9632,3.016012082964095,0.5086
A,1,affine,1,2.0,1.4,2,5000,5000,1.0202587252700823,4.700149260183648,7.285454320291128,0.9696562223042694,0.9402173524019657,0.9194,3.038623161478537,0.514
A,1,affine,1,2.0,1.4,3,5000,5000,0.9956217718607263,4.366434938484214,6.813188061145285,0.9657079720422391,0.9360218218637624,0.9348,3.0287309040653643,0.5068
A,1,affine,1,2.0,1.4,4,5000,5000,0.9384148522937608,4.078476646053059,6.126188163663655,0.9619577381381484,0.9337785172953659,0.946,3.0266490070587078,0.5266
A,1,affine,1,2.0,1.4,5,5000,5000,1.0426044480709606,5.225317171744321,7.7602862068807195,0.970877037631166,0.9407661878526165,0.9192,3.07016459852269,0.5274
B,3,affine,1,0.5,0.7,1,5000,5000,0.15149538430482323,0.8622360528069066,1.2921789291626709,0.9519522738010284,0.9147634304910968,1.0,2.842384040532689,0.554
B,3,affine,1,0.5,0.7,2,5000,5000,0.1531635462106003,0.8192763117713583,1.2422325240759131,0.9450623729104676,0.9021084476293773,1.0,2.7014289916371568,0.556
B,3,affine,1,0.5,0.7,3,5000,5000,0.15860802720897027,0.8766800656138916,1.2800988062330596,0.9455464667878443,0.9118555226325438,1.0,2.95502668724253,0.5126
B,3,affine,1,0.5,0.7,4,5000,5000,0.14473250762648604,0.72128060696773,1.1323540551615998,0.9359469959775583,0.8889332700013488,1.0,2.814400288006337,0.5092
B,3,affine,1,0.5,0.7,5,5000,5000,0.1618012529484929,0.860322102578516,1.2628679825178397,0.9493033004235595,0.9101153262917498,1.0,3.051612132413898,0.5516
B,3,affine,1,0.5,1.0,1,5000,5000,0.15443594977233488,0.8643038645438139,1.2953229137107465,0.9504176487264846,0.9108823033033769,1.0,2.842384040532689,0.554
B,3,affine,1,0.5,1.0,2,5000,5000,0.1564056239081708,0.8216885753623018,1.243948477465355,0.9420959717035922,0.8983501730857172,1.0,2.7014289916371568,0.556
B,3,affine,1,0.5,1.0,3,5000,5000,0.16121097150642072,0.8798061789020708,1.2815455859293408,0.9434414410045395,0.9079624908397453,1.0,2.95502668724253,0.5126
B,3,affine,1,0.5,1.0,4,5000,5000,0.14667458736531103,0.7221480546554555,1.1342173849213362,0.9333619746261609,0.8852687085230041,1.0,2.814400288006337,0.5092
B,3,affine,1,0.5,1.0,5,5000,5000,0.16446920403180343,0.8623299103302784,1.2659426791641035,0.9460633370804776,0.9062089380269976,1.0,3.051612132413898,0.5516
B,3,affine,1,0.5,1.4,1,5000,5000,0.1575072794930179,0.8671267690262425,1.299514893108068,0.9468899415104771,0.9073507364581499,1.0,2.842384040532689,0.554
B,3,affine,1,0.5,1.4,2,5000,5000,0.1599698486751322,0.8240965203210978,1.2490718836276753,0.9386261658135421,0.893417252735473,1.0,2.7014289916371568,0.556
B,3,affine,1,0.5,1.4,3,5000,5000,0.16460560135361302,0.8840775102165823,1.2834746255243825,0.9404505896548729,0.902936417064186,1.0,2.95502668724253,0.5126
B,3,affine,1,0.5,1.4,4,5000,5000,0.1497741638837624,0.7232804441191323,1.137283857541633,0.9291375371437047,0.8797733121337991,1.0,2.814400288006337,0.5092
B,3,affine,1,0.5,1.4,5,5000,5000,0.16729573903614892,0.8644916763355525,1.2674154209988144,0.942484203471845,0.9020533491488456,1.0,3.051612132413898,0.5516
B,3,affine,1,1.0,0.7,1,5000,5000,0.5001774615566301,2.4718982174306783,3.6121956892313865,0.9697019050597636,0.9448863230433092,0.9966,2.842384040532689,0.5156
B,3,affine,1,1.0,0.7,2,5000,5000,0.4863683219680297,2.4129514989494685,3.5004819799666844,0.9668959519212256,0.9412491080480008,0.9956,2.7014289916371568,0.52
B,3,affine,1,1.0,0.7,3,5000,5000,0.5640415930135418,2.53947253852449,3.5643449204378808,0.9700093798257541,0.9460069336390288,0.9938,2.9563017584221014,0.5052
B,3,affine,1,1.0,0.7,4,5000,5000,0.4580890250651066,2.195844075559403,3.3714413682347137,0.9634743209174162,0.9359701583611726,0.9956,2.816476907450663,0.5092
B,3,affine,1,1.0,0.7,5,5000,5000,0.6093960026593663,2.6649627324510567,3.7737759486666813,0.9728883024838733,0.9525229918532925,0.9936,3.051612132413898,0.5996
B,3,affine,1,1.0,1.0,1,5000,5000,0.5020796995551109,2.4750035318287176,3.616897490466513,0.9691103732962035,0.9439248300655172,0.9966,2.842384040532689,0.5156
B,3,affine,1,1.0,1.0,2,5000,5000,0.4879153290006002,2.4175203545889987,3.501750136052587,0.9664590300426138,0.9396857823515825,0.9956,2.7014289916371568,0.52
B,3,affine,1,1.0,1.0,3,5000,5000,0.5666559844186168,2.5427552513358025,3.566015164636159,0.9688552858401643,0.9451001008928851,0.9938,2.9563017584221014,0.5052
B,3,affine,1,1.0,1.0,4,5000,5000,0.46013318445551477,2.197870799740132,3.374152546646676,0.962414855220112,0.9337772693312857,0.9956,2.816476907450663,0.5092
B,3,affine,1,1.0,1.0,5,5000,5000,0.6120403265186383,2.667523211683653,3.776690474953436,0.9722248831877344,0.951411305406163,0.9936,3.051612132413898,0.5996
B,3,affine,1,1.0,1.4,1,5000,5000,0.5049809608480302,2.4791258780328342,3.6231665587797903,0.9684712691119014,0.9418071033585076,0.9966,2.842384040532689,0.5156
B,3,affine,1,1.0,1.4,2,5000,5000,0.4903637319322911,2.4236121621085207,3.503441010833565,0.9652607803637943,0.9375242192096161,0.9956,2.7014289916371568,0.52
B,3,affine,1,1.0,1.4,3,5000,5000,0.5698936458525168,2.5451017240307126,3.5682421569006046,0.9672866984917918,0.9437837247550034,0.9938,2.9563017584221014,0.5052
B,3,affine,1,1.0,1.4,4,5000,5000,0.4633006258737069,2.200290803390145,3.377767451195995,0.9616060030499999,0.9322150855217312,0.9956,2.816476907450663,0.5092
B,3,affine,1,1.0,1.4,5,5000,5000,0.6155489662622244,2.6711871975839956,3.7805765100024282,0.9714836539979115,0.9498224814812141,0.9934,3.051612132413898,0.5996
B,3,affine,1,2.0,0.7,1,5000,5000,3.2146547080969725,13.698895478335373,18.765258571185434,0.989512991762602,0.9825236298586973,0.5712,2.845172007630828,0.5136
B,3,affine,1,2.0,0.7,2,5000,5000,2.631893923488171,11.490967457854243,14.828602799866516,0.9867891244539283,0.9777383264333098,0.6678,2.7014289916371568,0.5678
B,3,affine,1,2.0,0.7,3,5000,5000,3.507638208126366,11.74153525611347,15.155504016882887,0.9879478777384124,0.9821943471271587,0.5508,2.9563017584221014,0.5668
B,3,affine,1,2.0,0.7,4,5000,5000,2.526539431484011,11.797867911733057,17.231022466830474,0.987958231311064,0.9784770842408169,0.6886,2.816476907450663,0.5194
B,3,affine,1,2.0,0.7,5,5000,5000,4.109987797257531,13.179628635585644,16.199295374550488,0.9894263708463795,0.9839279617229416,0.487,3.051612132413898,0.573
B,3,affine,1,2.0,1.0,1,5000,5000,3.2169950058165817,13.700767341991503,18.767547272926322,0.9894192081267887,0.9822498199122016,0.5712,2.845172007630828,0.5136
B,3,affine,1,2.0,1.0,2,5000,5000,2.6350459958283707,11.492731963837628,14.832636834939615,0.9866261268558936,0.9774818070877038,0.6674,2.7014289916371568,0.5678
B,3,affine,1,2.0,1.0,3,5000,5000,3.510740083285441,11.74559133985754,15.158663952215536,0.9876667924515989,0.9819136448839726,0.5506,2.9563017584221014,0.5668
B,3,affine,1,2.0,1.0,4,5000,5000,2.529270866497505,11.799860122096222,17.23285808501398,0.9877886677815345,0.9781982224769245,0.6884,2.816476907450663,0.5194
B,3,affine,1,2.0,1.0,5,5000,5000,4.114854822810798,13.183579953513954,16.20088994441046,0.9892732403604542,0.9836877964432693,0.4868,3.051612132413898,0.573
B,3,affine,1,2.0,1.4,1,5000,5000,3.220404737470119,13.703263160199754,18.77059887524747,0.989225608701179,0.9817567799695023,0.5712,2.845172007630828,0.5136
B,3,affine,1,2.0,1.4,2,5000,5000,2.6390717867083566,11.49508463848209,14.838015548370434,0.9862180724715488,0.9771132211403494,0.667,2.7014289916371568,0.5678
B,3,affine,1,2.0,1.4,3,5000,5000,3.5148759168308743,11.750999451516297,15.162877199325884,0.9873772732387501,0.9816263669625447,0.5502,2.9563017584221014,0.5668
B,3,affine,1,2.0,1.4,4,5000,5000,2.5329127798488713,11.802516402580444,17.235305575925395,0.9875434514019775,0.9779662583019052,0.6884,2.816476907450663,0.5194
B,3,affine,1,2.0,1.4,5,5000,5000,4.118364317277155,13.188848377418074,16.20518978247357,0.9890535626689901,0.9834203660981577,0.4866,3.051612132413898,0.573
C,3,loadbal,1,0.5,0.7,1,5000,5000,0.1979628176550321,1.0505334379952047,1.4961599918134232,0.961383304047516,0.9328381644569788,1.0,2.842384040532689,0.6006
C,3,loadbal,1,0.5,0.7,2,5000,5000,0.19354345811552776,1.010304717909145,1.4803855927704384,0.9581133573511296,0.9242145815487596,1.0,2.7014289916371568,0.5948
C,3,loadbal,1,0.5,0.7,3,5000,5000,0.23726495489745503,1.0708028940338525,1.5149938672291805,0.9600445185535458,0.9328672749201357,1.0,2.95502668724253,0.5284
C,3,loadbal,1,0.5,0.7,4,5000,5000,0.20310927776995413,0.9166292911145376,1.3342440165500489,0.9506932157411648,0.9194591465172665,1.0,2.814400288006337,0.5436
C,3,loadbal,1,0.5,0.7,5,5000,5000,0.2305815770657773,1.08785518721449,1.6824541944961926,0.9653574285835763,0.9320920709068163,1.0,3.051612132413898,0.603
C,3,loadbal,1,0.5,1.0,1,5000,5000,0.20089973485602286,1.0516969910857088,1.49840808756864,0.9592108245471238,0.9303072529412076,1.0,2.842384040532689,0.6006
C,3,loadbal,1,0.5,1.0,2,5000,5000,0.19669509629050452,1.0119399580253063,1.4820589627527825,0.955370153137446,0.9214085191300513,1.0,2.7014289916371568,0.5948
C,3,loadbal,1,0.5,1.0,3,5000,5000,0.23973181210351413,1.073314242477079,1.5168958212228785,0.9580410744519074,0.930110593224959,1.0,2.95502668724253,0.5284
C,3,loadbal,1,0.5,1.0,4,5000,5000,0.2055033445736001,0.9189718200961239,1.3349591149516435,0.9486239324397485,0.9160775537205065,1.0,2.814400288006337,0.5436
C,3,loadbal,1,0.5,1.0,5,5000,5000,0.23310672085551687,1.0892575719193136,1.6844110663652432,0.9631528805085058,0.929506989558589,1.0,3.051612132413898,0.603
C,3,loadbal,1,0.5,1.4,1,5000,5000,0.2041305208239237,1.0551624990284338,1.5026260415838337,0.9570000341699262,0.9271523151300275,1.0,2.842384040532689,0.6006
C,3,loadbal,1,0.5,1.4,2,5000,5000,0.1999866853790877,1.0151072067040847,1.4844157398145923,0.9515545082973789,0.9174587718577247,1.0,2.7014289916371568,0.5948
C,3,loadbal,1,0.5,1.4,3,5000,5000,0.24328142352845816,1.0771541176927346,1.5194317598809917,0.9550101128318026,0.9264215059026032,1.0,2.95502668724253,0.5284
C,3,loadbal,1,0.5,1.4,4,5000,5000,0.20881835749824518,0.9241516871217698,1.335912579487104,0.9445926534913113,0.9118398227013278,1.0,2.814400288006337,0.5436
C,3,loadbal,1,0.5,1.4,5,5000,5000,0.23590560087137646,1.0929350274030127,1.6870202288573677,0.9604297205303982,0.9260272845846133,1.0,3.051612132413898,0.603
C,3,loadbal,1,1.0,0.7,1,5000,5000,0.8501497995773519,3.434327516264294,4.899717803588948,0.9789494646141988,0.9630780865705556,0.971,2.842384040532689,0.5876
C,3,loadbal,1,1.0,0.7,2,5000,5000,0.8247695384637836,3.290775129259157,4.784292109235313,0.9768080327643786,0.959742792139903,0.9772,2.7014289916371568,0.5956
C,3,loadbal,1,1.0,0.7,3,5000,5000,0.8572553485412016,3.272165977275779,4.687048439949537,0.9768938861068973,0.9609900431290423,0.9818,2.95502668724253,0.572
C,3,loadbal,1,1.0,0.7,4,5000,5000,0.8251445826610961,2.8993593904855803,5.0883616706058135,0.9750443554028589,0.9558092566598514,0.9784,2.816476907450663,0.5686
C,3,loadbal,1,1.0,0.7,5,5000,5000,0.9674044133901134,3.581673817114368,4.97531073074341,0.9800984468798758,0.9647669869008393,0.9702,3.051612132413898,0.5016
C,3,loadbal,1,1.0,1.0,1,5000,5000,0.8519811009246041,3.437545072685053,4.903177716672016,0.9784141852865695,0.9621546822228991,0.9708,2.842384040532689,0.5876
C,3,loadbal,1,1.0,1.0,2,5000,5000,0.8265938461570386,3.293948554782276,4.786016771169928,0.9760192139142599,0.9589894180455447,0.977,2.7014289916371568,0.5956
C,3,loadbal,1,1.0,1.0,3,5000,5000,0.8603030119531923,3.2742283016706892,4.690056375350982,0.9763314034622218,0.9600642820931894,0.9818,2.95502668724253,0.572
C,3,loadbal,1,1.0,1.0,4,5000,5000,0.8271296235817545,2.9002647631352323,5.08971643375559,0.9744445330395546,0.954703823890417,0.9782,2.816476907450663,0.5686
C,3,loadbal,1,1.0,1.0,5,5000,5000,0.970014636480574,3.5846427389063913,4.97790145224888,0.9795568903780295,0.9638486585367546,0.97,3.051612132413898,0.5016
C,3,loadbal,1,1.0,1.4,1,5000,5000,0.8546212899935597,3.4418223234790886,4.907790934116108,0.9776984398594283,0.9610581439128725,0.9708,2.842384040532689,0.5876
C,3,loadbal,1,1.0,1.4,2,5000,5000,0.8290262564147497,3.2970176867058103,4.788316320416045,0.9750879211455562,0.957537226690859,0.977,2.7014289916371568,0.5956
C,3,loadbal,1,1.0,1.4,3,5000,5000,0.8649331425521041,3.2756089034623814,4.694066955886389,0.9755845522779976,0.9587277702520655,0.9818,2.95502668724253,0.572
C,3,loadbal,1,1.0,1.4,4,5000,5000,0.8295820764622874,2.9014510478845184,5.091522784621958,0.97367544322526,0.9534547701834959,0.9782,2.816476907450663,0.5686
C,3,loadbal,1,1.0,1.4,5,5000,5000,0.9734964678496851,3.5886013012957454,4.981355747589433,0.9787581120455752,0.9627599134083483,0.97,3.051612132413898,0.5016
C,3,loadbal,1,2.0,0.7,1,5000,5000,6.613704198927849,38.63376562010019,43.39085142319145,0.9961012124942901,0.9938303438828324,0.3312,2.842384040532689,0.5834
C,3,loadbal,1,2.0,0.7,2,5000,5000,5.397486886614075,21.67435383905492,26.379923852259264,0.993293256352135,0.9895593562885232,0.4154,2.7014289916371568,0.5618
C,3,loadbal,1,2.0,0.7,3,5000,5000,7.306480318978174,27.72470209645727,36.36336890894085,0.9949657530299943,0.9922617429659764,0.3038,2.95629142194013,0.5812
C,3,loadbal,1,2.0,0.7,4,5000,5000,6.198409674208278,38.46266351339251,43.2796812447554,0.9961817038557296,0.9937372001230738,0.3714,2.816476907450663,0.5882
C,3,loadbal,1,2.0,0.7,5,5000,5000,13.179888137180342,38.81834940303673,44.97880073609344,0.9964670138385007,0.9946730127973236,0.1902,3.051612132413898,0.5702
C,3,loadbal,1,2.0,1.0,1,5000,5000,6.615417294279496,38.64063970252997,43.39197698530271,0.9960435564545616,0.9937736895855155,0.331,2.842384040532689,0.5834
C,3,loadbal,1,2.0,1.0,2,5000,5000,5.400613341555271,21.6776434979154,26.380744466230126,0.9931731093664745,0.9893883640069092,0.4152,2.7014289916371568,0.5618
C,3,loadbal,1,2.0,1.0,3,5000,5000,7.308969173533683,27.725865635572884,36.367647969128434,0.9948596931544995,0.9921974293308362,0.3032,2.95629142194013,0.5812
C,3,loadbal,1,2.0,1.0,4,5000,5000,6.199806436746485,38.465433739191866,43.28123309310721,0.9961016980934401,0.993678054142232,0.3712,2.816476907450663,0.5882
C,3,loadbal,1,2.0,1.0,5,5000,5000,13.181741455972826,38.82144417412347,44.98058547337581,0.9963922563509132,0.9945881030754711,0.1902,3.051612132413898,0.5702
C,3,loadbal,1,2.0,1.4,1,5000,5000,6.618169031914192,38.6498051457696,43.39347773478438,0.9959554107547512,0.9936611327736614,0.3308,2.842384040532689,0.5834
C,3,loadbal,1,2.0,1.4,2,5000,5000,5.405589911215088,21.68202970972937,26.38180967137316,0.9929903223740438,0.9891619996963074,0.415,2.7014289916371568,0.5618
C,3,loadbal,1,2.0,1.4,3,5000,5000,7.312287646274456,27.727417021060436,36.3733533827121,0.9947168116145959,0.9920383624252068,0.3026,2.95629142194013,0.5812
C,3,loadbal,1,2.0,1.4,4,5000,5000,6.202183523806397,38.469127373590865,43.28916084596456,0.9960216904690566,0.993591252201705,0.3712,2.816476907450663,0.5882
C,3,loadbal,1,2.0,1.4,5,5000,5000,13.18421254769595,38.82557053557253,44.982965123085705,0.99629990241887,0.9944807091884227,0.1902,3.051612132413898,0.5702
D,2,affine,1,0.5,0.7,1,5000,5000,0.09531097279280942,0.5618348461440178,0.8039225190422694,0.8909018515042376,0.7849153737029441,1.0,2.8881719279560367,0.5398
D,2,affine,1,0.5,0.7,2,5000,5000,0.09636718804460997,0.5913286133074621,0.7999231309790661,0.9045010124956201,0.8126224250629962,1.0,2.881025142577921,0.6066
D,2,affine,1,0.5,0.7,3,5000,5000,0.0968272437565929,0.5854911253328169,0.7875377149916302,0.908262630798966,0.8006187595606936,1.0,3.126202526122318,0.6118
D,2,affine,1,0.5,0.7,4,5000,5000,0.09217404605418977,0.5723688100922857,0.7977092247209154,0.8983709579782487,0.7862234826375222,1.0,2.8933636055863015,0.615
D,2,affine,1,0.5,0.7,5,5000,5000,0.09505997952317102,0.5919795727315631,0.8207864225842073,0.9010157926792499,0.798367704452672,1.0,3.0616361192421286,0.6098
D,2,affine,1,0.5,1.0,1,5000,5000,0.09781024061464905,0.564184862249104,0.8059424893240428,0.8874083789097424,0.7774052552985817,1.0,2.8881719279560367,0.5398
D,2,affine,1,0.5,1.0,2,5000,5000,0.0983098732219787,0.5938618627288605,0.803403099843424,0.9006883789810316,0.807374954549406,1.0,2.881025142577921,0.6066
D,2,affine,1,0.5,1.0,3,5000,5000,0.098623282307301,0.5877615323660507,0.7887899582745621,0.9039993115006537,0.7950808142264858,1.0,3.126202526122318,0.6118
D,2,affine,1,0.5,1.0,4,5000,5000,0.09486536298484793,0.574530647198651,0.7987930790110548,0.8933947037104933,0.7801388798602745,1.0,2.8933636055863015,0.615
D,2,affine,1,0.5,1.0,5,5000,5000,0.09773039734511713,0.5939244303671046,0.8238269349676512,0.8975253179317556,0.7940073576401212,1.0,3.0616361192421286,0.6098
D,2,affine,1,0.5,1.4,1,5000,5000,0.10047755688617599,0.5675356183247573,0.8080790665094675,0.8818026475461707,0.7689847030199324,1.0,2.8881719279560367,0.5398
D,2,affine,1,0.5,1.4,2,5000,5000,0.10106442860498532,0.5973161562169709,0.8066826331588973,0.8961507973011641,0.7998152667213138,1.0,2.881025142577921,0.6066
D,2,affine,1,0.5,1.4,3,5000,5000,0.101680862344665,0.5910491810720602,0.7903448000529155,0.8993440745100993,0.7894424195330404,1.0,3.126202526122318,0.6118
D,2,affine,1,0.5,1.4,4,5000,5000,0.09845998718270721,0.5774373065250986,0.8002382180646019,0.888445727984264,0.7707769038667589,1.0,2.8933636055863015,0.615
D,2,affine,1,0.5,1.4,5,5000,5000,0.10047935989518919,0.5975720665025837,0.8265323544640958,0.8932221087825758,0.7878613850222405,1.0,3.0616361192421286,0.6098
D,2,affine,1,1.0,0.7,1,5000,5000,0.24845357633878962,1.400813011804894,2.1485800260381325,0.9389182410476701,0.8893756663962122,0.9998,2.8881865052547124,0.5596
D,2,affine,1,1.0,0.7,2,5000,5000,0.25209404877317354,1.4691183301049795,2.10355220488864,0.940966521464687,0.8961013787762805,1.0,2.881025142577921,0.546
D,2,affine,1,1.0,0.7,3,5000,5000,0.27489670824726886,1.4933544761630744,2.0781361879372433,0.9446738301912702,0.8988665711771261,1.0,3.126202526122318,0.5658
D,2,affine,1,1.0,0.7,4,5000,5000,0.242068182941793,1.3682871551633042,2.0027916982889096,0.9333486517782111,0.8757024911329131,0.9994,2.8933636055863015,0.5574
D,2,affine,1,1.0,0.7,5,5000,5000,0.2675779035654102,1.5665525073129913,2.213070926087768,0.9409252662303709,0.9007422992178739,1.0,3.0616361192421286,0.5624
D,2,affine,1,1.0,1.0,1,5000,5000,0.2500156420668418,1.4034826071483537,2.1497330511142825,0.9374883805855183,0.8876058672869233,0.9998,2.8881865052547124,0.5596
D,2,affine,1,1.0,1.0,2,5000,5000,0.25495549309080445,1.4729169539223104,2.105170755759783,0.939915669928145,0.8948481168263256,1.0,2.881025142577921,0.546
D,2,affine,1,1.0,1.0,3,5000,5000,0.27728920914478294,1.4952119257108338,2.079268205442204,0.9429180482861713,0.897123694523433,1.0,3.126202526122318,0.5658
D,2,affine,1,1.0,1.0,4,5000,5000,0.24453085485237125,1.3719732404200047,2.005475512995307,0.9317189852748995,0.8741716925900005,0.9994,2.8933636055863015,0.5574
D,2,affine,1,1.0,1.0,5,5000,5000,0.2693234172198231,1.5684662010632682,2.214646203521322,0.9391740345741998,0.8984546522582443,1.0,3.0616361192421286,0.5624
D,2,affine,1,1.0,1.4,1,5000,5000,0.2539029765563896,1.4073508952501075,2.152505100124591,0.9357609153694745,0.8848778984414045,0.9998,2.8881719279560367,0.5596
D,2,affine,1,1.0,1.4,2,5000,5000,0.259021063358432,1.4779042390347108,2.107328823588124,0.93882217270203,0.8911064722144204,1.0,2.881025142577921,0.546
D,2,affine,1,1.0,1.4,3,5000,5000,0.28053071348767844,1.498450520059737,2.0842846725704924,0.9413094800673495,0.8945728657122352,1.0,3.126202526122318,0.5658
D,2,affine,1,1.0,1.4,4,5000,5000,0.2476723086989523,1.3755898174717942,2.0090539326039085,0.9298628662401254,0.8709811930539969,0.9994,2.8933636055863015,0.5574
D,2,affine,1,1.0,1.4,5,5000,5000,0.27304525876888874,1.5709843425936816,2.2176440723876016,0.9366913966636694,0.8957537100939572,1.0,3.0616361192421286,0.5624
D,2,affine,1,2.0,0.7,1,5000,5000,1.6932087320635674,8.228787380383535,11.29820671501585,0.9828613086052911,0.9702344862918648,0.8076,2.889577506398364,0.511
D,2,affine,1,2.0,0.7,2,5000,5000,1.7412242850291477,6.833757109787294,11.329043049472517,0.9812256270463814,0.9667753218974734,0.805,2.881025142577921,0.5602
D,2,affine,1,2.0,0.7,3,5000,5000,2.1500934477801934,7.415672380508423,9.093146571438863,0.9805060709759332,0.9702639867678573,0.7324,3.1296354760292004,0.5558
D,2,affine,1,2.0,0.7,4,5000,5000,1.622201195418441,7.545704637355978,17.493086675979598,0.9874187888352715,0.9658297268116192,0.8386,2.8933636055863015,0.5056
D,2,affine,1,2.0,0.7,5,5000,5000,2.231291931157614,7.613174548843598,9.562380522549637,0.9812446734403695,0.9704622303754193,0.7212,3.0616361192421286,0.5046
D,2,affine,1,2.0,1.0,1,5000,5000,1.695787498562595,8.230221393052584,11.301320363310762,0.9826884944304025,0.9697811305762692,0.8074,2.889577506398364,0.511
D,2,affine,1,2.0,1.0,2,5000,5000,1.7436845357981383,6.835270329011463,11.330189958649735,0.9806363650568057,0.9663137262907987,0.805,2.881025142577921,0.5602
D,2,affine,1,2.0,1.0,3,5000,5000,2.1519340368973303,7.4172183299686205,9.096830492506461,0.9803151013750241,0.9698580118486977,0.7316,3.1296354760292004,0.5558
D,2,affine,1,2.0,1.0,4,5000,5000,1.625418237086592,7.548499808993901,17.494701658148458,0.9872194310226899,0.9653704871995652,0.8382,2.8933636055863015,0.5056
D,2,affine,1,2.0,1.0,5,5000,5000,2.2336543025423623,7.614488471508231,9.562869734284652,0.980874010264101,0.9700367579013524,0.7208,3.0616361192421286,0.5046
D,2,affine,1,2.0,1.4,1,5000,5000,1.6985100442612833,8.23235629437303,11.30512080278103,0.9824722145002588,0.9693411261536503,0.8074,2.889577506398364,0.511
D,2,affine,1,2.0,1.4,2,5000,5000,1.7467764310108578,6.837287954643709,11.331862083265044,0.9802409075054522,0.9657461833163887,0.8048,2.881025142577921,0.5602
D,2,affine,1,2.0,1.4,3,5000,5000,2.15489953073606,7.419279595915553,9.102125929858486,0.9800582421497195,0.9694191745909262,0.731,3.1296354760292004,0.5558
D,2,affine,1,2.0,1.4,4,5000,5000,1.6282013748150348,7.552225083613299,17.496854967706863,0.9867490334277609,0.9648582858627163,0.8378,2.8933636055863015,0.5056
D,2,affine,1,2.0,1.4,5,5000,5000,2.237140992589957,7.616240368394297,9.563522016597897,0.9805499958616452,0.9694992626179526,0.7206,3.0616361192421286,0.5046
E,3,affine,2,0.5,0.7,1,5000,5000,0.08670827189104102,0.5163090607075875,0.670673701526687,0.8710365168113874,0.691943479665119,1.0,2.842384040532689,0.5702
E,3,affine,2,0.5,0.7,2,5000,5000,0.08825410367370523,0.5162939906547991,0.6705549560203918,0.841228491090913,0.6680656602853742,1.0,2.7014289916371568,0.5752
E,3,affine,2,0.5,0.7,3,5000,5000,0.08953161812564758,0.521946290379265,0.6703467224780165,0.833281859896184,0.6894830141789595,1.0,2.95502668724253,0.509
E,3,affine,2,0.5,0.7,4,5000,5000,0.08514419209532775,0.50903028212216,0.6565742048058623,0.814293984624703,0.6451575599472851,1.0,2.814400288006337,0.5116
E,3,affine,2,0.5,0.7,5,5000,5000,0.0884418847698214,0.50315470217913,0.6599398044768238,0.8357043523007645,0.6848754251730907,1.0,3.051612132413898,0.5628
E,3,affine,2,0.5,1.0,1,5000,5000,0.08964978729980544,0.5199184437760779,0.6723910021809608,0.864975941420611,0.682590270098047,1.0,2.842384040532689,0.5702
E,3,affine,2,0.5,1.0,2,5000,5000,0.09141307373661789,0.5195227060423306,0.672639390367678,0.8319517619664064,0.6611687922434003,1.0,2.7014289916371568,0.5752
E,3,affine,2,0.5,1.0,3,5000,5000,0.09235251731530525,0.5252010966956505,0.672711997615734,0.8281351300454849,0.6803041923222759,1.0,2.95502668724253,0.509
E,3,affine,2,0.5,1.0,4,5000,5000,0.08785353712409005,0.5113938085254972,0.658803736352063,0.8076970032782667,0.6351113054621381,1.0,2.814400288006337,0.5116
E,3,affine,2,0.5,1.0,5,5000,5000,0.09116349595791462,0.5048297633518419,0.6625926113315758,0.8288473998064146,0.6773109978241645,1.0,3.051612132413898,0.5628
E,3,affine,2,0.5,1.4,1,5000,5000,0.09302166205611684,0.5230401019536716,0.674680736386688,0.857056128956948,0.6753622214857052,1.0,2.842384040532689,0.5702
E,3,affine,2,0.5,1.4,2,5000,5000,0.09565879184107473,0.5234530403943055,0.6753197946055014,0.8243405586118072,0.6514235317110919,1.0,2.7014289916371568,0.5752
E,3,affine,2,0.5,1.4,3,5000,5000,0.09691495084905455,0.5283883863230245,0.676405221088233,0.8196955011978415,0.6698491892645655,1.0,2.95502668724253,0.509
E,3,affine,2,0.5,1.4,4,5000,5000,0.0920984924774757,0.514702864798528,0.6615945395244757,0.8008185006328492,0.6263807754904217,1.0,2.814400288006337,0.5116
E,3,affine,2,0.5,1.4,5,5000,5000,0.09514663397823142,0.5084470108069183,0.667205078108812,0.8210828544959412,0.6657878961313977,1.0,3.051612132413898,0.5628
E,3,affine,2,1.0,0.7,1,5000,5000,0.19504689563294164,1.1264540350353223,1.4989849954974,0.9042777133494765,0.790539713655931,1.0,2.842384040532689,0.5408
E,3,affine,2,1.0,0.7,2,5000,5000,0.1950754558575909,1.083550396769119,1.425132077068038,0.8849564049362659,0.7678913734558506,1.0,2.7014289916371568,0.5396
E,3,affine,2,1.0,0.7,3,5000,5000,0.19655482812621017,1.1044326506945654,1.4622724658454835,0.8953183186702901,0.7921136383949835,1.0,2.95502668724253,0.5002
E,3,affine,2,1.0,0.7,4,5000,5000,0.19365074613187971,1.058652465229875,1.406334418501151,0.8652437379077538,0.7458047227194805,1.0,2.814400288006337,0.506
E,3,affine,2,1.0,0.7,5,5000,5000,0.19913615755211822,1.0917429145987347,1.436509210165456,0.9008603095444562,0.8061877127743466,1.0,3.051612132413898,0.5336
E,3,affine,2,1.0,1.0,1,5000,5000,0.19745032696928888,1.128925794917999,1.5006538880724714,0.9025353392836579,0.7873704671606693,1.0,2.842384040532689,0.5408
E,3,affine,2,1.0,1.0,2,5000,5000,0.19728514361250404,1.0865794274414442,1.42657841281499,0.8823384039513258,0.7645755776913724,1.0,2.7014289916371568,0.5396
E,3,affine,2,1.0,1.0,3,5000,5000,0.19945287463161776,1.1069310368963043,1.4637640440257753,0.8919650618640643,0.7889068643523486,1.0,2.95502668724253,0.5002
E,3,affine,2,1.0,1.0,4,5000,5000,0.1953141640300089,1.0621164676097805,1.4080164576562901,0.8615304770945513,0.740574818241423,1.0,2.814400288006337,0.506
E,3,affine,2,1.0,1.0,5,5000,5000,0.20204782901646468,1.0929787231462582,1.4387828280807518,0.8985435563717161,0.8038682586700236,1.0,3.051612132413898,0.5336
E,3,affine,2,1.0,1.4,1,5000,5000,0.20070650335617302,1.1316681555170138,1.505359241388844,0.8989969948772742,0.7833830967490175,1.0,2.842384040532689,0.5408
E,3,affine,2,1.0,1.4,2,5000,5000,0.20053157252527853,1.0877533228609537,1.4299793359346213,0.8800021027542447,0.7603710315350503,1.0,2.7014289916371568,0.5396
E,3,affine,2,1.0,1.4,3,5000,5000,0.2031503426613881,1.1106273166556409,1.4657528149331311,0.8887188083674943,0.7855314298679457,1.0,2.95502668724253,0.5002
E,3,affine,2,1.0,1.4,4,5000,5000,0.19804739886046718,1.064688456064124,1.409919007629784,0.857709831254423,0.7350774109847475,1.0,2.814400288006337,0.506
E,3,affine,2,1.0,1.4,5,5000,5000,0.20539053412304042,1.0967651193703871,1.4432496714423566,0.8953961126848199,0.7997591123638549,1.0,3.051612132413898,0.5336
E,3,affine,2,2.0,0.7,1,5000,5000,0.5246539661405762,2.664395400563217,3.8706333543223455,0.9386189069565223,0.8879162857938069,0.9922,2.842384040532689,0.5214
E,3,affine,2,2.0,0.7,2,5000,5000,0.5452352556458209,2.6786800054879336,3.734911986463838,0.9327814221154888,0.8867188620794452,0.9944,2.7014289916371568,0.5994
E,3,affine,2,2.0,0.7,3,5000,5000,0.6001169952853402,2.7839975243739508,4.0819733145310675,0.9408548447763129,0.8897642613164013,0.9882,2.9563017584221014,0.5866
E,3,affine,2,2.0,0.7,4,5000,5000,0.4968649476180431,2.517886605072091,3.700862921005694,0.9258337862273939,0.864723313635777,0.9924,2.816476907450663,0.5142
E,3,affine,2,2.0,0.7,5,5000,5000,0.609554561902371,2.8808023845695887,4.075162607189241,0.9425063549877397,0.8989803297188497,0.989,3.0536289902816223,0.5646
E,3,affine,2,2.0,1.0,1,5000,5000,0.5268501221838164,2.6652822298324965,3.8719708396607406,0.9375691695159101,0.8870313113949286,0.9922,2.842384040532689,0.5214
E,3,affine,2,2.0,1.0,2,5000,5000,0.5484059258316165,2.6810941745621903,3.7369119424113624,0.9323580683121264,0.885449102674923,0.9944,2.7014289916371568,0.5994
E,3,affine,2,2.0,1.0,3,5000,5000,0.6030532936031818,2.786354167868408,4.083598136880825,0.9398464649875823,0.8884514197091908,0.9882,2.9563017584221014,0.5866
E,3,affine,2,2.0,1.0,4,5000,5000,0.4991536682720721,2.5200833566485152,3.703127217090609,0.9252488824741545,0.8636319872860575,0.9924,2.816476907450663,0.5142
E,3,affine,2,2.0,1.0,5,5000,5000,0.6130784296805132,2.8845201789354777,4.076879343029305,0.9413214041250204,0.898111155800914,0.989,3.0536289902816223,0.5646
E,3,affine,2,2.0,1.4,1,5000,5000,0.5304366661883932,2.667178931787868,3.8744363401780135,0.9362865685188542,0.88478412521536,0.9922,2.842384040532689,0.5214
E,3,affine,2,2.0,1.4,2,5000,5000,0.5514933379122056,2.684053590064161,3.7395785503413568,0.9310391970936832,0.8839160235944697,0.9944,2.7014289916371568,0.5994
E,3,affine,2,2.0,1.4,3,5000,5000,0.6079676170219273,2.7903362295923615,4.086219214547711,0.9386043333966892,0.8874795959831513,0.988,2.9563017584221014,0.5866
E,3,affine,2,2.0,1.4,4,5000,5000,0.5029507562799154,2.5232833575537676,3.7061462785373123,0.9244784297247625,0.862333978914984,0.9924,2.816476907450663,0.5142
E,3,affine,2,2.0,1.4,5,5000,5000,0.616185119348188,2.889301344636634,4.079168324149542,0.940415657961147,0.8966956803899758,0.989,3.0536289902816223,0.5646
