request_id,workload_type,arrival_time,dispatch_time,queue_time,ttft,tpot,inter_token_latencies,total_latency,completion_time,input_tokens,output_tokens,success,error,status_code,prompt_text,output_text,trace_run_id,client_slot_acquired_time,client_slot_acquired_perf_ns,client_send_perf_ns,client_headers_perf_ns,client_first_content_perf_ns,client_done_perf_ns,server_queue_time,server_prefill_time
req-0000-aef65c,synthetic,1787927923.5370185,1787927924.262895,0.7258765697479248,0.0694021,0.005900944444528293,"[0.004404400009661913, 0.004068700014613569, 0.0041652999934740365, 0.0045461999834515154, 0.004750700027216226, 0.004533100000116974, 0.005090199992991984, 0.005606800026725978, 0.006164399965200573, 0.005606900027487427, 0.006109300011303276, 0.006256399967242032, 0.005982799979392439, 0.005726600007619709, 0.005883200035896152, 0.007434199971612543, 0.005365899996832013, 0.005926100013311952, 0.00639170000795275, 0.005338999966625124, 0.006507700018119067, 0.005587599996943027, 0.007498899998608977, 0.0068934999871999025, 0.00584940001135692, 0.006244099989999086, 0.00635610002791509, 0.0072060999809764326, 0.0067276000045239925, 0.005828100023791194, 0.006253400002606213, 0.005878600000869483, 0.005859799974132329, 0.0058889000210911036, 0.0072462999960407615, 0.005751999968197197, 0.00565240002470091, 0.006350599986035377, 0.005773600016254932, 0.005521300015971065, 0.0060943999560549855, 0.006272300030104816, 0.005525599990505725, 0.02079440001398325, 0.00016270001651719213, 5.519995465874672e-05, 0.004097099998034537, 0.005942600022535771, 0.00558709999313578, 0.005034000030718744, 0.0050039999769069254, 0.005973100021947175, 0.006184400001075119, 0.005978899949695915, 0.006105300039052963, 0.005905499972868711, 0.0054352000006474555, 0.005669200036209077, 0.005570999986957759, 0.006744000012986362, 0.006976499978918582, 0.006070600007660687, 0.006348499970044941]",0.44245409965515137,1787927924.7053492,510,64,True,,200,sed eiusmod dolore adipiscing sit aliqua. Lorem et amet labore incididunt elit magna do consectetur dolor ipsum tempor ut eiusmod et consectetur ut dolor aliqua. elit sit sed adipiscing dolore Lorem do incididunt amet tempor ipsum labore magna dolore adipiscing elit eiusmod incididunt do magna dolor sit consectetur tempor ipsum Lorem ut sed amet labore aliqua. et dolore ut adipiscing eiusmod amet et tempor do magna ipsum labore consectetur dolor sit incididunt aliqua. Lorem sed elit consectetur tempor dolor incididunt dolore sit adipiscing et amet magna aliqua. ut Lorem ipsum sed eiusmod do elit labore dolor adipiscing consectetur sed eiusmod dolore et labore amet incididunt sit do aliqua. Lorem ut magna ipsum elit tempor tempor eiusmod magna adipiscing sed do ipsum sit labore et Lorem elit ut dolore incididunt amet aliqua. dolor consectetur incididunt Lorem ipsum sit dolor sed eiusmod do et tempor ut labore consectetur aliqua. elit magna dolore amet adipiscing adipiscing elit tempor dolore et amet Lorem ut aliqua. incididunt eiusmod sit do labore dolor consectetur sed magna ipsum Lorem amet consectetur eiusmod elit sed dolor incididunt ipsum et sit aliqua. dolore magna ut labore do tempor adipiscing ipsum dolore Lorem incididunt dolor amet adipiscing tempor eiusmod sed ut sit consectetur do magna elit aliqua. et labore aliqua. eiusmod dolor ipsum adipiscing elit sit ut et amet magna dolore sed consectetur labore do incididunt Lorem tempor eiusmod sed amet ipsum dolor magna aliqua. adipiscing tempor et consectetur incididunt labore do sit Lorem dolore ut elit incididunt elit amet ipsum do labore sit consectetur Lorem aliqua. sed dolore dolor ut eiusmod tempor adipiscing et magna elit ipsum magna labore incididunt tempor consectetur sed aliqua. amet Lorem ut et do sit dolore dolor eiusmod adipiscing ut dolor tempor adipiscing ipsum Lorem eiusmod elit amet consectetur labore do dolore incididunt sit et sed magna aliqua. magna sed adipiscing sit Lorem dolore dolor cons, factors factors factors factors factors factors factors factors factors factors factors factors factors factors factors factors factors factors factors factors factors factors factors factors factors factors factors factors factors factors factors factors factors factors factors factors factors factors factors factors factors factors factors factors factors factors factors factors factors factors factors factors factors factors factors factors factors factors factors factors factors factors factors factors,repair-real-gate-20-warm_03_c1_seed3101_l1,1787927923.5371885,325281870852100,325282596560300,325282619794100,325282665962400,325283039012500,,
req-0001-83864e,synthetic,1787927923.5370185,1787927925.4236498,1.8866312503814697,0.0942335,0.005868546031821993,"[0.006189499981701374, 0.006306800001766533, 0.006778499984648079, 0.006431200017686933, 0.006013499980326742, 0.0059229000471532345, 0.00572779995854944, 0.006274000043049455, 0.006313999998383224, 0.005769499985035509, 0.00608779996400699, 0.00571310002123937, 0.005938999995123595, 0.0055615000310353935, 0.006084499997086823, 0.006171099958010018, 0.006250100035686046, 0.005602499993983656, 0.00539010000647977, 0.006222600000910461, 0.005583299964200705, 0.005317100032698363, 0.0057351000141352415, 0.005860499979462475, 0.005890599975828081, 0.006068600050639361, 0.005243899999186397, 0.005792899988591671, 0.00558860000455752, 0.005841100006364286, 0.005884099984541535, 0.005845199979376048, 0.005601599987130612, 0.00635620002867654, 0.005859499971847981, 0.005982200033031404, 0.005475400015711784, 0.005454499972984195, 0.006109700014349073, 0.005470599979162216, 0.020633600011933595, 0.00015580002218484879, 5.2499992307275534e-05, 0.003165000001899898, 0.005631699983496219, 0.005980600020848215, 0.005625899997539818, 0.005556199990678579, 0.005582499958109111, 0.005994200007990003, 0.006024800008162856, 0.005586599989328533, 0.005534199997782707, 0.006923300039488822, 0.005469099967740476, 0.005826300010085106, 0.005842400016263127, 0.005648399994242936, 0.005683699971996248, 0.005813300027512014, 0.005748900002799928, 0.005829099973198026, 0.0056996000348590314]",0.4653477668762207,1787927925.8889976,512,64,True,,200,Lorem dolore dolor elit aliqua. adipiscing labore consectetur ut sed eiusmod do amet magna ipsum incididunt tempor et sit sit sed aliqua. magna adipiscing tempor amet labore dolore incididunt do consectetur ipsum et Lorem dolor elit eiusmod ut Lorem do ipsum sed consectetur labore sit dolor et incididunt aliqua. amet tempor magna ut eiusmod dolore elit adipiscing eiusmod do Lorem sed adipiscing incididunt dolor elit ipsum et sit amet ut dolore tempor labore magna aliqua. consectetur eiusmod elit dolor et amet ipsum adipiscing sed do tempor Lorem dolore incididunt aliqua. magna labore consectetur ut sit amet Lorem dolore eiusmod sed magna tempor elit sit aliqua. et incididunt labore do dolor ipsum adipiscing consectetur ut ut Lorem tempor adipiscing amet elit labore eiusmod sit magna sed et consectetur dolor ipsum aliqua. incididunt do dolore labore ipsum sed elit incididunt sit do et Lorem magna eiusmod adipiscing tempor ut dolore consectetur aliqua. dolor amet adipiscing ipsum sed et amet labore incididunt tempor do eiusmod Lorem magna elit ut dolore consectetur sit dolor aliqua. do Lorem dolor ipsum incididunt magna sed amet dolore aliqua. sit elit labore et tempor eiusmod consectetur adipiscing ut ut incididunt sed aliqua. magna adipiscing sit labore elit dolore Lorem amet do dolor eiusmod tempor consectetur ipsum et sed ipsum tempor do et amet consectetur magna incididunt adipiscing Lorem sit eiusmod aliqua. ut labore elit dolore dolor elit ipsum eiusmod do incididunt sit magna adipiscing consectetur dolor labore et amet Lorem tempor sed dolore ut aliqua. sit labore do et ut tempor eiusmod elit incididunt aliqua. sed dolor dolore consectetur magna adipiscing Lorem amet ipsum ipsum amet dolor magna ut dolore adipiscing aliqua. tempor Lorem consectetur labore sit et do eiusmod elit incididunt sed dolor amet ipsum incididunt tempor et aliqua. Lorem labore sit do elit consectetur eiusmod dolore ut sed magna adipiscing dolore sed aliqua. tempor eiusmod et ut labore s, factors factors factors factors factors factors factors factors factors factors factors factors factors factors factors factors factors factors factors factors factors factors factors factors factors factors factors factors factors factors factors factors factors factors factors factors factors factors factors factors factors factors factors factors factors factors factors factors factors factors factors factors factors factors factors factors factors factors factors factors factors factors factors factors,repair-real-gate-20-warm_03_c1_seed3101_l1,1787927924.7054513,325283039114100,325283757314900,325283791801800,325283851548400,325284222660900,,
req-0002-041a58,synthetic,1787927923.5370185,1787927926.631433,3.094414472579956,0.104295,0.005438342857699368,"[0.004413200018461794, 0.0038166000158526003, 0.004239699977915734, 0.004283700021915138, 0.005362299969419837, 0.004803900024853647, 0.004695800016634166, 0.005188799987081438, 0.005351700005121529, 0.005145300005096942, 0.005214599950704724, 0.005274700000882149, 0.005051100044511259, 0.005481700005475432, 0.005027199978940189, 0.00604489998659119, 0.0053796999854967, 0.005808200046885759, 0.005766199959907681, 0.00573840003926307, 0.006172199966385961, 0.00564039999153465, 0.005521900020539761, 0.0051799999782815576, 0.006145799998193979, 0.005811900016851723, 0.0058667000266723335, 0.0057134999660775065, 0.005359700007829815, 0.005282099999021739, 0.006070000003091991, 0.0052069000084884465, 0.005188899987842888, 0.005719900014810264, 0.005349799990653992, 0.006017000006977469, 0.006166799983475357, 0.005416100029833615, 0.005452299956232309, 0.0053341000457294285, 0.005810000002384186, 0.005333099979907274, 0.005389800004195422, 0.005263999977614731, 0.005322700017131865, 0.006042699969839305, 0.021215800021309406, 0.00016120000509545207, 5.4500007536262274e-05, 0.001975499966647476, 0.00567460001911968, 0.005287899984978139, 0.005742600013036281, 0.005549699999392033, 0.005495099991094321, 0.005181400047149509, 0.005352199950721115, 0.005278300028294325, 0.005547799984924495, 0.005695200001355261, 0.005269400018732995, 0.005979300010949373, 0.0052890999941155314]",0.4482738971710205,1787927927.079707,510,64,True,,200,tempor incididunt elit dolor adipiscing aliqua. amet sed dolore sit eiusmod ipsum Lorem magna ut labore consectetur do et labore tempor magna elit incididunt do aliqua. dolor adipiscing sed sit et eiusmod amet ut dolore consectetur Lorem ipsum ut incididunt eiusmod magna consectetur dolore tempor adipiscing sit do sed dolor amet ipsum labore aliqua. Lorem elit et consectetur dolor labore tempor et elit dolore sed ipsum eiusmod adipiscing incididunt Lorem aliqua. do magna ut amet sit dolor amet ipsum sit incididunt labore Lorem consectetur aliqua. do et tempor elit sed magna adipiscing ut eiusmod dolore ut elit magna Lorem et incididunt sit ipsum sed consectetur dolor aliqua. adipiscing eiusmod labore dolore amet tempor do amet dolor elit incididunt sed dolore ut aliqua. consectetur do sit Lorem magna eiusmod adipiscing labore et ipsum tempor et labore elit ut sit magna amet dolor tempor adipiscing dolore incididunt aliqua. ipsum consectetur eiusmod Lorem sed do Lorem sed consectetur magna ut sit dolore aliqua. elit labore do adipiscing et tempor ipsum dolor amet incididunt eiusmod magna aliqua. et sed tempor amet ipsum ut do adipiscing consectetur dolor incididunt eiusmod labore sit dolore Lorem elit dolore sit do Lorem et tempor eiusmod aliqua. dolor adipiscing labore amet magna consectetur ut sed ipsum elit incididunt et Lorem do dolor incididunt labore aliqua. magna sit dolore amet adipiscing sed ut ipsum eiusmod tempor consectetur elit ut et magna labore tempor adipiscing ipsum elit sit dolore incididunt aliqua. eiusmod do dolor consectetur amet sed Lorem magna ipsum adipiscing sed tempor labore dolore incididunt do sit consectetur aliqua. eiusmod et elit ut Lorem dolor amet aliqua. sed et ut dolore labore ipsum amet eiusmod consectetur Lorem do dolor magna tempor sit elit incididunt adipiscing consectetur magna ipsum amet incididunt aliqua. adipiscing do dolor sit elit Lorem sed labore dolore eiusmod ut tempor et amet Lorem eiusmod dolore adipiscing elit sed ut, factors factors factors factors factors factors factors factors factors factors factors factors factors factors factors factors factors factors factors factors factors factors factors factors factors factors factors factors factors factors factors factors factors factors factors factors factors factors factors factors factors factors factors factors factors factors factors factors factors factors factors factors factors factors factors factors factors factors factors factors factors factors factors factors,repair-real-gate-20-warm_03_c1_seed3101_l1,1787927925.889109,325284222771800,325284965097800,325285021267100,325285069392800,325285413370300,,
req-0003-a14f79,synthetic,1787927923.5370185,1787927927.8059936,4.268975019454956,0.0692211,0.005097671428562275,"[0.004239100031554699, 0.004255399981047958, 0.004217199981212616, 0.004152200010139495, 0.004992600006517023, 0.004605900030583143, 0.00490259996149689, 0.005246300017461181, 0.006023900001309812, 0.005159699998330325, 0.004921399988234043, 0.005403799994383007, 0.0054302000207826495, 0.0054682999616488814, 0.0051635000272654, 0.004993600014131516, 0.0053869999828748405, 0.0049795000231824815, 0.0053659999975934625, 0.00520929996855557, 0.006241200026124716, 0.005479499988723546, 0.0053245999733917415, 0.004935600038152188, 0.004799799993634224, 0.004872000019531697, 0.004863199952524155, 0.004637200036086142, 0.005097199988085777, 0.005112499988172203, 0.005162300018128008, 0.004733100009616464, 0.005809700000099838, 0.004648900008760393, 0.004832799953874201, 0.005565300001762807, 0.004933100019115955, 0.005227699992246926, 0.005387199984397739, 0.004776200046762824, 0.0047966999700292945, 0.005174899997655302, 0.005337200011126697, 0.004897199978586286, 0.006301900022663176, 0.0049786000163294375, 0.004756899958010763, 0.0054213000112213194, 0.005082499992568046, 0.020093200029805303, 0.00015539996093139052, 5.2900053560733795e-05, 0.00035529996966943145, 0.0052408999763429165, 0.005327700055204332, 0.004869500000495464, 0.005578599986620247, 0.004797199973836541, 0.004874400037806481, 0.005481299944221973, 0.00486570002976805, 0.004818700021132827, 0.005338699964340776]",0.3916599750518799,1787927928.1976535,510,64,True,,200,do tempor adipiscing amet dolore elit eiusmod ut consectetur magna dolor labore aliqua. sed et sit incididunt ipsum Lorem do elit sed sit magna consectetur ipsum et aliqua. tempor adipiscing amet Lorem incididunt dolore ut eiusmod dolor labore aliqua. consectetur amet ut et sit incididunt labore do magna dolor tempor sed ipsum eiusmod elit adipiscing Lorem dolore consectetur tempor et adipiscing sit amet magna do Lorem incididunt dolore dolor labore ut eiusmod aliqua. sed elit ipsum labore ut Lorem sed sit ipsum incididunt amet dolor do aliqua. adipiscing eiusmod consectetur elit tempor et dolore magna labore ipsum dolore incididunt consectetur Lorem tempor eiusmod do magna elit sed ut et amet aliqua. sit dolor adipiscing eiusmod ipsum labore dolore ut dolor et magna sed Lorem do elit aliqua. incididunt amet adipiscing consectetur sit tempor tempor et dolore eiusmod magna labore ut amet adipiscing sit Lorem consectetur incididunt elit ipsum do dolor sed aliqua. sed labore magna eiusmod incididunt et consectetur tempor aliqua. dolor dolore elit adipiscing do amet ipsum ut Lorem sit dolore consectetur magna Lorem incididunt adipiscing sed elit do sit et aliqua. ut amet dolor labore ipsum eiusmod tempor elit eiusmod Lorem do aliqua. sed dolor ipsum incididunt dolore ut labore tempor sit adipiscing consectetur magna et amet labore sit aliqua. ipsum dolore Lorem tempor dolor adipiscing ut consectetur amet elit do et eiusmod magna incididunt sed amet Lorem ut do dolore sit magna adipiscing incididunt sed labore tempor elit aliqua. ipsum consectetur dolor eiusmod et labore et magna adipiscing aliqua. Lorem sit ut sed consectetur incididunt do eiusmod amet dolore elit ipsum dolor tempor elit tempor eiusmod Lorem consectetur dolore dolor sit adipiscing sed incididunt et aliqua. do ipsum labore amet magna ut dolor ipsum do tempor eiusmod adipiscing Lorem sit elit ut magna amet incididunt labore sed consectetur et aliqua. dolore adipiscing ipsum dolore Lorem do eiusmod magna e, factors factors factors factors factors factors factors factors factors factors factors factors factors factors factors factors factors factors factors factors factors factors factors factors factors factors factors factors factors factors factors factors factors factors factors factors factors factors factors factors factors factors factors factors factors factors factors factors factors factors factors factors factors factors factors factors factors factors factors factors factors factors factors factors,repair-real-gate-20-warm_03_c1_seed3101_l1,1787927927.0798135,325285413476200,325286139658400,325286163392300,325286208879500,325286531316700,,
req-0004-eaaa99,synthetic,1787927923.5370185,1787927928.9520874,5.415068864822388,0.0672654,0.005476833333165222,"[0.004371299990452826, 0.00422249996336177, 0.004197100002784282, 0.004292100027669221, 0.004706899984739721, 0.0044151999754831195, 0.0046660000225529075, 0.005639799986965954, 0.004977800010237843, 0.005066499987151474, 0.0049242000095546246, 0.005220999999437481, 0.00483739998890087, 0.00531170004978776, 0.005242299987003207, 0.005292099958751351, 0.004877300001680851, 0.005079400027170777, 0.004974999988917261, 0.004867199982982129, 0.005684000032488257, 0.005087499972432852, 0.0048405000125057995, 0.00531460001366213, 0.0049347999738529325, 0.004864300019107759, 0.005740900000091642, 0.004987700027413666, 0.005053200002294034, 0.005412500002421439, 0.005497199948877096, 0.005441200046334416, 0.0052559999749064445, 0.005309599975589663, 0.005222800013143569, 0.006891600030940026, 0.005994400009512901, 0.007244399981573224, 0.005711400008294731, 0.005522699968423694, 0.005833500006701797, 0.005444300011731684, 0.006114099989645183, 0.006033300014678389, 0.006048800016287714, 0.005510599992703646, 0.006180699972901493, 0.022509700036607683, 0.0005974999512545764, 8.700002217665315e-05, 0.0036712000146508217, 0.005776299978606403, 0.007251899980474263, 0.0058948000078089535, 0.005475700017996132, 0.0049303999985568225, 0.005777099984697998, 0.005481000000145286, 0.00531450001290068, 0.0059065999812446535, 0.005287700041662902, 0.007320699980482459, 0.0053990000160411]",0.4136626720428467,1787927929.36575,512,64,True,,200,sed sit tempor aliqua. Lorem dolor ut incididunt do ipsum magna dolore eiusmod elit et amet labore consectetur adipiscing dolor magna aliqua. Lorem elit labore ipsum ut dolore amet sed consectetur tempor incididunt adipiscing et eiusmod sit do dolore incididunt eiusmod labore aliqua. consectetur Lorem et elit ipsum dolor sed amet sit do tempor ut magna adipiscing dolor consectetur amet ut sed labore elit ipsum incididunt tempor eiusmod dolore sit magna aliqua. Lorem et do adipiscing et adipiscing dolore magna sit incididunt consectetur tempor elit sed ut Lorem amet ipsum do labore dolor eiusmod aliqua. consectetur elit tempor Lorem sed sit dolore magna et do eiusmod labore amet incididunt ut dolor adipiscing aliqua. ipsum dolore sit do sed labore aliqua. magna dolor Lorem incididunt amet ut tempor consectetur ipsum et eiusmod elit adipiscing ipsum dolore dolor elit et aliqua. labore amet magna sed ut adipiscing Lorem do sit incididunt tempor eiusmod consectetur do sit aliqua. sed dolore eiusmod Lorem ipsum ut adipiscing magna consectetur et amet elit tempor dolor labore incididunt consectetur sed sit amet Lorem elit adipiscing aliqua. dolore et ipsum incididunt labore do dolor magna eiusmod ut tempor elit tempor sit amet adipiscing eiusmod et dolor labore ut ipsum do dolore incididunt sed magna consectetur Lorem aliqua. dolor amet tempor incididunt et sit ut dolore Lorem elit aliqua. do adipiscing labore magna eiusmod consectetur sed ipsum eiusmod ipsum tempor aliqua. labore ut do sed Lorem dolore incididunt adipiscing magna et amet consectetur dolor elit sit Lorem ut dolore dolor consectetur sed tempor do labore adipiscing sit magna et eiusmod amet aliqua. elit ipsum incididunt elit eiusmod do sit et incididunt ut dolor ipsum sed adipiscing magna Lorem labore dolore tempor amet consectetur aliqua. eiusmod consectetur elit aliqua. ipsum sit adipiscing dolor ut tempor et amet do sed magna labore Lorem incididunt dolore adipiscing sit et dolore ut sed Lorem labore ame, factors factors factors factors factors factors factors factors factors factors factors factors factors factors factors factors factors factors factors factors factors factors factors factors factors factors factors factors factors factors factors factors factors factors factors factors factors factors factors factors factors factors factors factors factors factors factors factors factors factors factors factors factors factors factors factors factors factors factors factors factors factors factors factors,repair-real-gate-20-warm_03_c1_seed3101_l1,1787927928.197759,325286531421800,325287285753000,325287308337600,325287353018400,325287699413500,,
req-0005-728af1,synthetic,1787927923.5370185,1787927930.0213218,6.48430323600769,0.0683377,0.0056822111114992625,"[0.0043178999912925065, 0.0040414000395685434, 0.00435740000102669, 0.004412100010085851, 0.004763100005220622, 0.004506699973717332, 0.005364399985410273, 0.005384700023569167, 0.005981999973300844, 0.00602870003785938, 0.007480399974156171, 0.006006199982948601, 0.006160599994473159, 0.005535200005397201, 0.006321199994999915, 0.006099000049289316, 0.005793899996206164, 0.005677199980709702, 0.005630899977404624, 0.005878600000869483, 0.006067100039217621, 0.005569399974774569, 0.005694699997548014, 0.006626399990636855, 0.005543500010389835, 0.006148500018753111, 0.005642300006002188, 0.006194099958520383, 0.005552200018428266, 0.005790800030808896, 0.005993200000375509, 0.006195199966896325, 0.005662499985191971, 0.005521100014448166, 0.005911500018555671, 0.007275499985553324, 0.005592699977569282, 0.005508000031113625, 0.0062689000042155385, 0.005496400000993162, 0.0054364000097848475, 0.007337799994274974, 0.005561999976634979, 0.005791999981738627, 0.02079590002540499, 0.00015819998225197196, 5.43000060133636e-05, 0.0015588999958708882, 0.0055114999995566905, 0.005529300018679351, 0.005184700014069676, 0.005612500011920929, 0.005555199983064085, 0.005669699981808662, 0.005180899985134602, 0.005611900007352233, 0.0062337000272236764, 0.005827799963299185, 0.005348800041247159, 0.005256099975667894, 0.005500200029928237, 0.005586599989328533, 0.005679299996700138]",0.4276542663574219,1787927930.448976,511,64,True,,200,tempor adipiscing consectetur Lorem dolore ipsum sit ut dolor aliqua. sed magna et eiusmod amet elit labore do incididunt adipiscing sit magna eiusmod amet dolor aliqua. dolore incididunt consectetur tempor Lorem do elit et labore sed ipsum ut dolore incididunt Lorem sit magna tempor aliqua. adipiscing labore elit et amet sed consectetur ipsum ut eiusmod dolor do sed Lorem tempor incididunt amet adipiscing ut eiusmod elit labore do magna ipsum dolore consectetur aliqua. dolor et sit elit do magna Lorem incididunt ipsum tempor consectetur dolore eiusmod sit ut amet dolor et sed aliqua. adipiscing labore magna dolor amet sed aliqua. eiusmod ut sit do consectetur elit dolore et Lorem adipiscing ipsum incididunt tempor labore Lorem elit ipsum labore et tempor sed incididunt amet do dolor dolore adipiscing eiusmod sit aliqua. ut magna consectetur Lorem sit labore aliqua. tempor dolor ut do dolore elit consectetur ipsum sed adipiscing eiusmod et incididunt magna amet amet magna ut adipiscing elit eiusmod et sed labore do tempor Lorem dolor consectetur dolore aliqua. ipsum incididunt sit elit do consectetur dolore labore dolor amet incididunt ut Lorem eiusmod sit magna sed et ipsum tempor adipiscing aliqua. ut dolore eiusmod do dolor consectetur sit ipsum magna sed adipiscing labore aliqua. tempor Lorem incididunt amet et elit dolore adipiscing et labore do consectetur ipsum sit magna eiusmod tempor Lorem aliqua. dolor ut elit amet incididunt sed amet ut labore eiusmod ipsum sed elit incididunt et dolor tempor do Lorem dolore aliqua. magna adipiscing sit consectetur Lorem dolor sed do ut labore ipsum elit amet tempor aliqua. adipiscing magna eiusmod consectetur sit incididunt et dolore sed sit do labore Lorem consectetur eiusmod tempor aliqua. adipiscing incididunt ipsum dolore magna ut dolor elit amet et et eiusmod Lorem consectetur ut tempor dolore do elit magna labore incididunt amet dolor aliqua. ipsum adipiscing sit sed do amet adipiscing eiusmod ipsum sed Lorem tempo, factors factors factors factors factors factors factors factors factors factors factors factors factors factors factors factors factors factors factors factors factors factors factors factors factors factors factors factors factors factors factors factors factors factors factors factors factors factors factors factors factors factors factors factors factors factors factors factors factors factors factors factors factors factors factors factors factors factors factors factors factors factors factors factors,repair-real-gate-20-warm_03_c1_seed3101_l1,1787927929.365855,325287699517800,325288354987300,325288379595300,325288423325000,325288782639400,,
req-0006-7f9038,synthetic,1787927923.5370185,1787927931.189306,7.652287483215332,0.0735705,0.0052101142854163686,"[0.004760599986184388, 0.004086399974767119, 0.004195400048047304, 0.005251199996564537, 0.003960700007155538, 0.005009299959056079, 0.004792199993971735, 0.00497380003798753, 0.005178999970667064, 0.00531300000147894, 0.004823199997190386, 0.00518420001026243, 0.005556799995247275, 0.0047550000017508864, 0.004978100012522191, 0.005686799995601177, 0.005008200008887798, 0.004734000016469508, 0.005074799992144108, 0.004754699999466538, 0.004999199998565018, 0.005169599957298487, 0.00469980004709214, 0.004775799985509366, 0.004815599997527897, 0.0052958999876864254, 0.004817300010472536, 0.004780000017490238, 0.005375799955800176, 0.004843000031542033, 0.00465519999852404, 0.005263499973807484, 0.00514280004426837, 0.005091900005936623, 0.00490559998434037, 0.0050125999841839075, 0.005128699995111674, 0.004786900011822581, 0.005299000011291355, 0.005137300002388656, 0.0051024999702349305, 0.005958600027952343, 0.005116299958899617, 0.0052687000134028494, 0.005156800034455955, 0.005743799963966012, 0.005351700005121529, 0.0063433999894186854, 0.0045959000126458704, 0.019687300024088472, 0.0001618000096641481, 5.419994704425335e-05, 0.0009830000344663858, 0.006610599986743182, 0.0056084999814629555, 0.006110900023486465, 0.006079500017222017, 0.005910600011702627, 0.007091499981470406, 0.005970600002910942, 0.005640299990773201, 0.005862999998498708, 0.005754799989517778]",0.4029724597930908,1787927931.5922785,510,64,True,,200,dolor dolore labore ipsum et sed aliqua. sit consectetur Lorem magna eiusmod do tempor adipiscing incididunt ut elit amet Lorem sed amet dolor eiusmod sit incididunt dolore aliqua. consectetur ipsum elit ut tempor magna do labore et adipiscing tempor dolor Lorem eiusmod dolore elit adipiscing ut sit aliqua. et incididunt amet labore consectetur do magna ipsum sed labore ut sed eiusmod aliqua. et do amet consectetur Lorem dolor dolore adipiscing ipsum sit tempor magna incididunt elit do aliqua. et sit dolor Lorem dolore magna incididunt labore ipsum elit consectetur sed amet ut adipiscing eiusmod tempor consectetur elit eiusmod tempor adipiscing Lorem dolore sit dolor magna amet ut et sed labore do ipsum incididunt aliqua. amet eiusmod magna et tempor dolore do ut incididunt elit sit sed Lorem aliqua. ipsum labore dolor adipiscing consectetur et aliqua. eiusmod labore Lorem elit tempor incididunt consectetur adipiscing magna sit dolor sed ut do ipsum amet dolore et incididunt dolore sit labore dolor ipsum ut elit amet eiusmod aliqua. tempor Lorem do consectetur magna sed adipiscing tempor labore aliqua. adipiscing do amet dolor ipsum sit eiusmod dolore et Lorem sed consectetur ut incididunt elit magna et tempor aliqua. ipsum incididunt elit adipiscing consectetur ut magna labore amet Lorem dolor do dolore eiusmod sed sit dolore adipiscing consectetur tempor incididunt elit labore sed ipsum sit et amet dolor eiusmod do ut aliqua. Lorem magna sit amet elit aliqua. incididunt dolore adipiscing eiusmod ipsum dolor do ut sed magna et consectetur labore tempor Lorem adipiscing labore do eiusmod tempor dolor sed Lorem incididunt sit ipsum aliqua. et magna consectetur elit dolore ut amet ipsum Lorem eiusmod amet tempor consectetur elit do aliqua. adipiscing ut sed et dolore labore dolor incididunt magna sit dolore adipiscing aliqua. Lorem eiusmod ipsum incididunt consectetur tempor sed amet et sit do ut magna elit dolor labore magna amet labore et Lorem ut incididunt eiusmod, stairs stairs stairs stairs stairs stairs stairs stairs stairs stairs stairs stairs stairs stairs stairs stairs stairs stairs stairs stairs stairs stairs stairs stairs stairs stairs stairs stairs stairs stairs stairs stairs stairs stairs stairs stairs stairs stairs stairs stairs stairs stairs stairs stairs stairs stairs stairs stairs stairs stairs stairs stairs stairs stairs stairs stairs stairs stairs stairs stairs stairs stairs stairs stairs,repair-real-gate-20-warm_03_c1_seed3101_l1,1787927930.4490805,325288782743500,325289522971100,325289547837000,325289596541600,325289925941800,,
req-0007-9d3363,synthetic,1787927923.5370185,1787927932.3100352,8.773016691207886,0.0680489,0.0055413349210062905,"[0.004204900003969669, 0.003854600014165044, 0.0043500000028871, 0.004433399997651577, 0.004610799951478839, 0.004813700041268021, 0.005380099988542497, 0.005054700013715774, 0.005681399954482913, 0.005025500024203211, 0.005179499974474311, 0.0048278000322170556, 0.005789600021671504, 0.004778399947099388, 0.0048251000116579235, 0.0054228000226430595, 0.0050882999785244465, 0.00500930001726374, 0.0057963000144809484, 0.004894099954981357, 0.005075500055681914, 0.005216899968218058, 0.004960599995683879, 0.004955100012011826, 0.00636210001539439, 0.004920599982142448, 0.005780300009064376, 0.004746499995235354, 0.005793999996967614, 0.007613499998115003, 0.005937999987509102, 0.00547600002028048, 0.005911400017794222, 0.0062250999617390335, 0.006821100017987192, 0.006045199988875538, 0.005726900009904057, 0.006806599965784699, 0.005884700047317892, 0.006271299964282662, 0.006314400001429021, 0.005827700020745397, 0.005912299966439605, 0.005560200021136552, 0.005588800006080419, 0.005843900027684867, 0.0056903999648056924, 0.03603509999811649, 0.00021299999207258224, 5.470000905916095e-05, 5.040003452450037e-05, 4.819995956495404e-05, 4.75000124424696e-05, 0.004601199994795024, 0.006753100024070591, 0.0058176000020466745, 0.006065299967303872, 0.005482800013851374, 0.005418499989900738, 0.00551899999845773, 0.005411199992522597, 0.005559800018090755, 0.005737300030887127]",0.41843557357788086,1787927932.7284708,512,64,True,,200,consectetur Lorem sed incididunt dolore ut ipsum labore magna do eiusmod elit sit amet tempor adipiscing aliqua. dolor et et ut do sit amet sed magna consectetur dolore labore tempor aliqua. incididunt eiusmod Lorem dolor elit ipsum adipiscing incididunt magna ut dolor labore sed sit do dolore eiusmod amet ipsum adipiscing aliqua. Lorem tempor consectetur elit et magna tempor labore incididunt ut dolore sed consectetur do sit dolor elit Lorem eiusmod aliqua. et ipsum amet adipiscing ut eiusmod tempor aliqua. dolor amet do adipiscing incididunt sit magna Lorem dolore et consectetur elit ipsum labore sed ipsum consectetur amet sit incididunt Lorem sed labore elit magna adipiscing aliqua. do tempor ut eiusmod dolor et dolore consectetur eiusmod dolor tempor sit elit et labore Lorem dolore ut incididunt amet do sed adipiscing ipsum magna aliqua. aliqua. eiusmod sit elit Lorem ipsum incididunt consectetur labore dolor do dolore et adipiscing tempor sed amet magna ut ipsum incididunt et do sed aliqua. labore amet ut sit elit eiusmod consectetur Lorem adipiscing magna tempor dolor dolore tempor aliqua. et dolor adipiscing eiusmod incididunt consectetur sed sit labore magna do elit ut Lorem dolore amet ipsum amet dolore elit sit tempor aliqua. magna Lorem consectetur do labore sed ipsum adipiscing dolor eiusmod incididunt ut et Lorem incididunt et magna sed tempor sit aliqua. consectetur dolore dolor ipsum labore eiusmod adipiscing amet ut do elit incididunt aliqua. sed ipsum dolore dolor elit sit eiusmod adipiscing do consectetur magna amet et tempor labore ut Lorem dolor labore do aliqua. adipiscing ipsum magna elit incididunt ut sed dolore consectetur sit amet Lorem tempor eiusmod et aliqua. magna amet labore consectetur dolore dolor ipsum sit incididunt ut Lorem eiusmod do elit adipiscing sed et tempor tempor et eiusmod labore ut sit dolore ipsum magna Lorem aliqua. do adipiscing incididunt amet consectetur sed dolor elit ipsum eiusmod sed tempor ut sit consectetur et e, factors factors factors factors factors factors factors factors factors factors factors factors factors factors factors factors factors factors factors factors factors factors factors factors factors factors factors factors factors factors factors factors factors factors factors factors factors factors factors factors factors factors factors factors factors factors factors factors factors factors factors factors factors factors factors factors factors factors factors factors factors factors factors factors,repair-real-gate-20-warm_03_c1_seed3101_l1,1787927931.592381,325289926043700,325290643699600,325290667957400,325290711748500,325291062134200,,
req-0008-272b6f,synthetic,1787927923.5370185,1787927933.4482963,9.911277770996094,0.063028,0.005576925396564461,"[0.004617400001734495, 0.004075500008184463, 0.0041874999878928065, 0.005131600017193705, 0.004708099993877113, 0.004980099969543517, 0.005199400009587407, 0.005645600031130016, 0.005965499964077026, 0.006182599987369031, 0.005850800022017211, 0.006742300000041723, 0.006354800018016249, 0.005430899967905134, 0.005595299997366965, 0.005632199987303466, 0.006024500005878508, 0.006551300000865012, 0.005965800024569035, 0.00582269998267293, 0.0059920999919995666, 0.005281999998260289, 0.005635900015477091, 0.005553000024519861, 0.006947999994736165, 0.005504000000655651, 0.006078800011891872, 0.005397400003857911, 0.005490599956829101, 0.005160900007467717, 0.005635200010146946, 0.005640199990011752, 0.005232700030319393, 0.005398299952503294, 0.005410000041592866, 0.006044099980499595, 0.005801699997391552, 0.005579899996519089, 0.00527600001078099, 0.006012100027874112, 0.005129199998918921, 0.005344499950297177, 0.005718700005672872, 0.005508800037205219, 0.006183599994983524, 0.02099009999074042, 0.00015979999443516135, 5.660002352669835e-05, 0.0016490999842062593, 0.005050999985542148, 0.005732699995860457, 0.005420500005129725, 0.004993200011085719, 0.006470999971497804, 0.005698600027244538, 0.005550500005483627, 0.005139899963978678, 0.0053385000210255384, 0.005276900017634034, 0.005666699958965182, 0.005295900045894086, 0.005311099987011403, 0.0059225999866612256]",0.41569066047668457,1787927933.863987,511,64,True,,200,sed amet et sit magna dolor labore eiusmod elit do adipiscing tempor ipsum consectetur aliqua. ut Lorem incididunt dolore sed dolore dolor incididunt tempor magna aliqua. adipiscing eiusmod ipsum amet elit consectetur do Lorem et sit ut labore elit Lorem eiusmod dolor incididunt ut aliqua. sit dolore adipiscing labore magna consectetur amet tempor et ipsum do sed dolore et consectetur labore adipiscing sit dolor amet eiusmod ipsum sed Lorem do ut elit aliqua. tempor incididunt magna adipiscing et consectetur elit sed ut dolor ipsum aliqua. sit eiusmod magna dolore amet labore Lorem do incididunt tempor dolor sed dolore tempor adipiscing magna aliqua. ut amet do consectetur elit sit ipsum eiusmod labore incididunt Lorem et consectetur elit adipiscing dolore aliqua. et amet dolor incididunt ipsum magna ut labore do sed Lorem tempor sit eiusmod aliqua. incididunt tempor amet dolore do elit Lorem eiusmod sit et adipiscing sed ut labore consectetur dolor magna ipsum ipsum aliqua. tempor sed labore amet dolore dolor do adipiscing ut elit incididunt sit et eiusmod magna consectetur Lorem eiusmod et labore ut do tempor amet magna adipiscing dolor consectetur aliqua. ipsum sit elit dolore incididunt Lorem sed Lorem elit do et amet labore ut incididunt ipsum sed eiusmod dolor tempor aliqua. consectetur sit magna adipiscing dolore tempor sit incididunt adipiscing dolore labore et Lorem consectetur dolor ipsum do elit sed eiusmod amet magna aliqua. ut Lorem sit tempor amet consectetur ipsum dolore adipiscing magna incididunt ut et eiusmod dolor do aliqua. labore sed elit amet sit labore ut do aliqua. elit dolor consectetur sed adipiscing ipsum incididunt dolore magna Lorem eiusmod tempor et magna et dolor do sit incididunt amet tempor eiusmod Lorem labore consectetur ut aliqua. dolore elit adipiscing ipsum sed incididunt tempor ut elit ipsum Lorem dolore adipiscing magna consectetur dolor eiusmod sed et do labore aliqua. sit amet tempor sit ipsum sed do aliqua. labore Lorem dol, factors factors factors factors factors factors factors factors factors factors factors factors factors factors factors factors factors factors factors factors factors factors factors factors factors factors factors factors factors factors factors factors factors factors factors factors factors factors factors factors factors factors factors factors factors factors factors factors factors factors factors factors factors factors factors factors factors factors factors factors factors factors factors factors,repair-real-gate-20-warm_03_c1_seed3101_l1,1787927932.7285738,325291062236700,325291781961500,325291799948200,325291844989500,325292197650300,,
req-0009-cf619c,synthetic,1787927923.5370185,1787927934.5913174,11.054298877716064,0.0681199,0.0053195190479210204,"[0.004367400018963963, 0.003868900006636977, 0.004280499997548759, 0.004394999996293336, 0.004523999989032745, 0.004766600031871349, 0.004982799990102649, 0.005404299998190254, 0.005637999973259866, 0.005254100018646568, 0.0054777999757789075, 0.004848100012168288, 0.0056598000228405, 0.00556640001013875, 0.004884199996013194, 0.004893299948889762, 0.005356300040148199, 0.00488490000134334, 0.0048833999899216, 0.005928899976424873, 0.005461600027047098, 0.004827399970963597, 0.0048671000404283404, 0.0050116999773308635, 0.0048967000329867005, 0.005179799976758659, 0.005095299973618239, 0.005063800024800003, 0.005240799975581467, 0.006083400046918541, 0.005266199994366616, 0.005267000000458211, 0.005400699970778078, 0.005238200013991445, 0.00546559999929741, 0.004954900010488927, 0.004988199973013252, 0.005265999992843717, 0.005052099993918091, 0.004837000044062734, 0.00486549997003749, 0.004648500005714595, 0.0049091000109910965, 0.004885200003627688, 0.005493499978911132, 0.005486699985340238, 0.005701200047042221, 0.006022499990649521, 0.006075399986002594, 0.02143010002328083, 0.00016359996516257524, 5.420000525191426e-05, 0.0035752999829128385, 0.005886700004339218, 0.005601800046861172, 0.005914399982430041, 0.005400699970778078, 0.00570420001167804, 0.005390000005718321, 0.0059424000210128725, 0.006728999956976622, 0.0059427000232972205, 0.0059788000071421266]",0.40451741218566895,1787927934.9958348,511,64,True,,200,amet dolor aliqua. adipiscing tempor eiusmod incididunt consectetur Lorem sit do dolore sed et elit ut magna labore ipsum eiusmod consectetur amet dolor aliqua. ut tempor incididunt Lorem labore magna sit do dolore elit et adipiscing sed ipsum adipiscing tempor sit ut incididunt do dolore ipsum et dolor consectetur labore Lorem elit magna amet eiusmod aliqua. sed tempor sed magna elit consectetur labore aliqua. sit ut eiusmod dolor et ipsum amet dolore adipiscing Lorem do incididunt aliqua. sed incididunt dolore amet do adipiscing tempor labore sit et elit ut magna eiusmod ipsum consectetur dolor Lorem ut magna eiusmod Lorem tempor sit adipiscing dolore aliqua. amet do labore et incididunt sed dolor ipsum consectetur elit do eiusmod ut et tempor dolore dolor labore sit consectetur aliqua. adipiscing ipsum magna Lorem elit incididunt amet sed amet ipsum dolore sit elit incididunt aliqua. magna eiusmod ut dolor et do sed Lorem tempor consectetur adipiscing labore ut elit do tempor dolor dolore adipiscing Lorem et labore eiusmod sit consectetur ipsum amet magna aliqua. incididunt sed magna et labore tempor elit dolor sed dolore aliqua. ut adipiscing amet incididunt sit consectetur ipsum eiusmod do Lorem do dolore ipsum tempor et labore Lorem sit incididunt consectetur sed elit ut aliqua. magna amet adipiscing dolor eiusmod adipiscing eiusmod incididunt sed ipsum et aliqua. do labore amet magna sit dolor ut consectetur tempor elit dolore Lorem sit ut ipsum et dolore aliqua. dolor Lorem do amet eiusmod tempor sed adipiscing elit labore consectetur incididunt magna elit do labore sed magna Lorem tempor dolor ut ipsum consectetur incididunt sit amet et eiusmod adipiscing dolore aliqua. adipiscing sit elit aliqua. ut magna do labore tempor dolor consectetur dolore amet incididunt et Lorem ipsum sed eiusmod dolor labore elit incididunt tempor adipiscing magna sed eiusmod ut sit aliqua. Lorem ipsum amet consectetur dolore et do et eiusmod dolor elit sed dolore tempor ipsum la, stairs stairs stairs stairs stairs stairs stairs stairs stairs stairs stairs stairs stairs stairs stairs stairs stairs stairs stairs stairs stairs stairs stairs stairs stairs stairs stairs stairs stairs stairs stairs stairs stairs stairs stairs stairs stairs stairs stairs stairs stairs stairs stairs stairs stairs stairs stairs stairs stairs stairs stairs stairs stairs stairs stairs stairs stairs stairs stairs stairs stairs stairs stairs stairs,repair-real-gate-20-warm_03_c1_seed3101_l1,1787927933.8640893,325292197752200,325292924982900,325292948916400,325292993102800,325293329498300,,
req-0010-7e2696,synthetic,1787927923.5370185,1787927935.7190459,12.182027339935303,0.0752318,0.005772966667011913,"[0.004460500029381365, 0.004479800001718104, 0.004653099982533604, 0.004248599987477064, 0.004474600020330399, 0.004997099982574582, 0.004844099981710315, 0.004902100015897304, 0.006164600024931133, 0.005077899957541376, 0.005227799993008375, 0.005398000008426607, 0.004932100011501461, 0.004955600015819073, 0.005544999963603914, 0.004879500018432736, 0.0049641000223346055, 0.005354199965950102, 0.004899799998383969, 0.006163000012747943, 0.005100100010167807, 0.005821499973535538, 0.005561700032558292, 0.006439499964471906, 0.006052200042176992, 0.006588099990040064, 0.006558599998243153, 0.006402999977581203, 0.005864400009158999, 0.005701499991118908, 0.005753000034019351, 0.006013599981088191, 0.007022999983746558, 0.006557000044267625, 0.00602859997889027, 0.00630419998196885, 0.005887800012715161, 0.005835200019646436, 0.007159799977671355, 0.005888200015760958, 0.006436800002120435, 0.005841800011694431, 0.005392699968069792, 0.007299399992916733, 0.022094900021329522, 0.00017309997929260135, 5.670002428814769e-05, 0.002544799994211644, 0.005974099971354008, 0.0059297000407241285, 0.005920699972193688, 0.0057984000304713845, 0.0055810000048950315, 0.007276899996213615, 0.005609199986793101, 0.00634720001835376, 0.0057767999824136496, 0.005474200006574392, 0.006804800010286272, 0.006090199982281774, 0.005952299979981035, 0.006561500020325184, 0.005597200011834502]",0.4402472972869873,1787927936.1592932,512,64,True,,200,do adipiscing amet dolore aliqua. Lorem eiusmod dolor labore consectetur tempor elit magna sit incididunt et sed ut ipsum incididunt magna tempor ut do dolor eiusmod labore dolore Lorem et adipiscing sit consectetur aliqua. ipsum sed amet elit aliqua. labore dolor sed ut dolore elit do et tempor adipiscing magna incididunt consectetur amet sit eiusmod Lorem ipsum aliqua. magna incididunt sit labore amet dolor et eiusmod tempor ut ipsum sed Lorem dolore elit adipiscing do consectetur sit Lorem consectetur labore tempor dolor aliqua. elit dolore sed incididunt amet eiusmod do ut magna ipsum et adipiscing aliqua. incididunt sit eiusmod elit et do ipsum dolor magna amet adipiscing consectetur dolore Lorem sed labore tempor ut et incididunt Lorem ipsum amet sed magna dolore elit do adipiscing sit ut tempor labore eiusmod consectetur aliqua. dolor dolor incididunt aliqua. sit ut labore eiusmod dolore ipsum elit do sed consectetur amet adipiscing magna tempor et Lorem labore magna elit et tempor incididunt aliqua. sit ut consectetur ipsum dolore Lorem dolor eiusmod adipiscing amet sed do eiusmod dolor consectetur ut aliqua. magna do ipsum Lorem elit adipiscing dolore incididunt sit sed tempor labore amet et dolore consectetur tempor ipsum labore aliqua. ut sit dolor Lorem magna adipiscing elit amet et eiusmod do incididunt sed aliqua. labore elit dolor do Lorem consectetur sit sed incididunt et ipsum adipiscing dolore tempor amet eiusmod ut magna labore tempor dolore aliqua. eiusmod amet elit dolor adipiscing incididunt et Lorem sit consectetur ut ipsum sed magna do dolore tempor ut magna dolor incididunt eiusmod elit et amet consectetur Lorem aliqua. adipiscing labore ipsum sed sit do sit eiusmod magna ut dolor labore consectetur dolore ipsum do incididunt Lorem sed et adipiscing elit aliqua. tempor amet amet aliqua. labore ut dolore elit do eiusmod ipsum sed et tempor sit dolor Lorem magna adipiscing incididunt consectetur eiusmod amet adipiscing do tempor aliqua. dolor , factors factors factors factors factors factors factors factors factors factors factors factors factors factors factors factors factors factors factors factors factors factors factors factors factors factors factors factors factors factors factors factors factors factors factors factors factors factors factors factors factors factors factors factors factors factors factors factors factors factors factors factors factors factors factors factors factors factors factors factors factors factors factors factors,repair-real-gate-20-warm_03_c1_seed3101_l1,1787927934.9959393,325293329602300,325294052711000,325294080589400,325294127942800,325294492956700,,
req-0011-09d330,synthetic,1787927923.5370185,1787927936.9016538,13.364635229110718,0.0700226,0.00548101428504442,"[0.004390999965835363, 0.00409810000564903, 0.004328200011514127, 0.004350800008978695, 0.00505509995855391, 0.004939600010402501, 0.004986200015991926, 0.0049940000171773136, 0.005269399960525334, 0.004666800028644502, 0.005126599979121238, 0.006030499993357807, 0.004843800037633628, 0.00525819999165833, 0.005051399988587946, 0.004794200009200722, 0.005066599987912923, 0.005865200015250593, 0.004876299994066358, 0.005237400007899851, 0.005106199998408556, 0.00511299999197945, 0.0055469999788329005, 0.0054095000377856195, 0.00566259998595342, 0.005537399963941425, 0.005195600038859993, 0.005261400016024709, 0.0051636999705806375, 0.004882399982307106, 0.005203000036999583, 0.004874899983406067, 0.005224000022280961, 0.0048655999707989395, 0.006003000016789883, 0.005267200001981109, 0.005317599978297949, 0.005208000016864389, 0.0055682999663986266, 0.006239200010895729, 0.0059986000414937735, 0.007753299956675619, 0.0059377000434324145, 0.006036399980075657, 0.007354900008067489, 0.006912299955729395, 0.0055612000287510455, 0.02122699999017641, 0.00016300001880154014, 5.5800017435103655e-05, 0.002759199996944517, 0.005586299987044185, 0.006412699993234128, 0.005578599986620247, 0.007078700000420213, 0.005829100031405687, 0.0052983000059612095, 0.005422399961389601, 0.005755899997893721, 0.006086600013077259, 0.005631799984257668, 0.005703600007109344, 0.005281499994453043]",0.41658949851989746,1787927937.3182433,512,64,True,,200,Lorem do labore incididunt dolore tempor ipsum sit magna aliqua. dolor consectetur adipiscing amet eiusmod et ut sed elit et labore dolore elit sit do amet adipiscing dolor Lorem sed magna ut ipsum incididunt consectetur eiusmod tempor aliqua. sed et adipiscing Lorem labore eiusmod amet dolor sit do dolore ipsum aliqua. ut incididunt tempor elit consectetur magna do et incididunt ut dolor sit dolore labore elit Lorem aliqua. adipiscing ipsum magna eiusmod consectetur tempor amet sed labore magna et adipiscing aliqua. dolor sed consectetur Lorem dolore tempor elit ut incididunt amet ipsum eiusmod do sit sed dolor eiusmod incididunt adipiscing tempor magna consectetur labore dolore amet et Lorem aliqua. ipsum ut sit elit do dolore tempor ut magna dolor Lorem et adipiscing sed sit incididunt ipsum eiusmod consectetur labore amet do elit aliqua. sit adipiscing elit ut do eiusmod Lorem incididunt magna aliqua. consectetur ipsum tempor et amet sed dolor dolore labore amet ut dolor eiusmod consectetur magna adipiscing elit Lorem tempor sit dolore incididunt et ipsum do labore aliqua. sed ut dolor tempor elit Lorem dolore adipiscing do ipsum magna labore consectetur incididunt eiusmod et sit sed aliqua. amet Lorem do dolor tempor dolore magna amet incididunt aliqua. labore sed ut consectetur ipsum et eiusmod adipiscing sit elit dolore do adipiscing ipsum incididunt dolor eiusmod sit Lorem consectetur elit aliqua. amet labore sed et magna ut tempor dolor adipiscing et aliqua. tempor Lorem labore eiusmod do sit elit incididunt magna consectetur dolore ipsum sed ut amet aliqua. magna do eiusmod elit et Lorem sed tempor labore ipsum amet adipiscing incididunt sit dolor ut consectetur dolore eiusmod et ipsum amet adipiscing sed sit magna Lorem do dolore tempor incididunt dolor aliqua. elit labore ut consectetur magna aliqua. elit do dolor incididunt dolore Lorem amet sed consectetur adipiscing tempor sit ipsum labore ut et eiusmod ipsum sed do dolore sit et labore amet Lorem con, factors factors factors factors factors factors factors factors factors factors factors factors factors factors factors factors factors factors factors factors factors factors factors factors factors factors factors factors factors factors factors factors factors factors factors factors factors factors factors factors factors factors factors factors factors factors factors factors factors factors factors factors factors factors factors factors factors factors factors factors factors factors factors factors,repair-real-gate-20-warm_03_c1_seed3101_l1,1787927936.159397,325294493059800,325295235318400,325295260501900,325295305341000,325295651906600,,
req-0012-6810f3,synthetic,1787927923.5370185,1787927938.0326498,14.495631217956543,0.0722803,0.005732312697791568,"[0.004303399997297674, 0.004264999995939434, 0.004302899993490428, 0.004581700020935386, 0.004640300001483411, 0.0047620999976061285, 0.006196199974510819, 0.006528900004923344, 0.0068441000184975564, 0.005949399957899004, 0.00560940004652366, 0.005908499995712191, 0.006076399993617088, 0.006017300009261817, 0.005703300004824996, 0.005890399974305183, 0.006051599979400635, 0.0077735999948345125, 0.0065814999979920685, 0.006284800008870661, 0.006474800000432879, 0.006382199993822724, 0.005710700002964586, 0.005501200037542731, 0.006017000006977469, 0.005661899980623275, 0.005569099972490221, 0.0055050000082701445, 0.00532779999775812, 0.006018800020683557, 0.005565300001762807, 0.006234799977391958, 0.005630300031043589, 0.00609089998761192, 0.005682700022589415, 0.006377599958796054, 0.005678499990608543, 0.005465199996251613, 0.005491200019605458, 0.005331500025931746, 0.0058397999964654446, 0.005570099980104715, 0.005651000014040619, 0.021301499975379556, 0.00016060000052675605, 5.420000525191426e-05, 0.0004771000239998102, 0.0057140999706462026, 0.005957000015769154, 0.005301999975927174, 0.005625500052701682, 0.0058722999528981745, 0.005534700001589954, 0.005474400008097291, 0.005707500036805868, 0.005737799976486713, 0.006034000020008534, 0.005545899970456958, 0.005567500018514693, 0.00550859997747466, 0.006459500000346452, 0.0057842000387609005, 0.006269099947530776]",0.4349663257598877,1787927938.467616,512,64,True,,200,dolore do Lorem eiusmod incididunt sed amet consectetur aliqua. tempor sit adipiscing ipsum elit labore magna et dolor ut dolor incididunt adipiscing sit labore aliqua. ut eiusmod ipsum consectetur amet do dolore elit sed Lorem magna et tempor eiusmod dolor sit incididunt aliqua. Lorem consectetur magna amet sed ut labore tempor et elit dolore ipsum adipiscing do tempor Lorem adipiscing dolor et labore elit consectetur sed dolore do aliqua. incididunt amet eiusmod magna sit ipsum ut aliqua. magna do labore consectetur dolore incididunt sed dolor ut adipiscing Lorem amet et tempor elit ipsum sit eiusmod incididunt tempor dolor amet aliqua. Lorem sed elit ut adipiscing et dolore magna consectetur do ipsum eiusmod labore sit elit aliqua. ut do sit labore sed et incididunt consectetur dolor dolore amet ipsum Lorem magna adipiscing tempor eiusmod labore dolore sed aliqua. magna ipsum elit consectetur sit amet dolor Lorem adipiscing et eiusmod tempor ut incididunt do tempor dolor magna sit consectetur sed elit dolore ut labore eiusmod et Lorem incididunt amet adipiscing aliqua. ipsum do dolore dolor eiusmod sit do magna ut adipiscing consectetur labore tempor amet ipsum aliqua. Lorem sed incididunt elit et dolore sed tempor et ut ipsum sit consectetur incididunt do eiusmod amet Lorem dolor labore magna elit adipiscing aliqua. Lorem ut consectetur et tempor ipsum dolore do incididunt adipiscing dolor sit sed eiusmod labore elit amet magna aliqua. magna sit Lorem et eiusmod sed labore dolor adipiscing incididunt amet elit consectetur ut aliqua. do ipsum tempor dolore labore ipsum sed consectetur magna dolore et ut do tempor adipiscing eiusmod dolor incididunt elit Lorem sit amet aliqua. consectetur sed ipsum adipiscing et dolor labore eiusmod incididunt amet ut sit elit Lorem aliqua. tempor magna do dolore dolor labore do incididunt et ipsum sed Lorem sit amet consectetur ut eiusmod dolore elit tempor adipiscing aliqua. magna ut labore dolor eiusmod amet adipiscing ipsum te, factors factors factors factors factors factors factors factors factors factors factors factors factors factors factors factors factors factors factors factors factors factors factors factors factors factors factors factors factors factors factors factors factors factors factors factors factors factors factors factors factors factors factors factors factors factors factors factors factors factors factors factors factors factors factors factors factors factors factors factors factors factors factors factors,repair-real-gate-20-warm_03_c1_seed3101_l1,1787927937.3183458,325295652008600,325296366314900,325296390407600,325296438595200,325296801279200,,
req-0013-682eb7,synthetic,1787927923.5370185,1787927939.2007585,15.663739919662476,0.0704336,0.005141893651203385,"[0.004403900005854666, 0.0045332000008784235, 0.004412400012370199, 0.00432479998562485, 0.004904599976725876, 0.004655299999285489, 0.004665000014938414, 0.005620200012344867, 0.005284500017296523, 0.004975099989678711, 0.005674899963196367, 0.005051400046795607, 0.005138899956364185, 0.005629100021906197, 0.0050329999648965895, 0.004782800038810819, 0.005266799998935312, 0.005230500013567507, 0.005047399958129972, 0.005244500003755093, 0.0051509999902918935, 0.004870300006587058, 0.005167499999515712, 0.005176900012884289, 0.004731900000479072, 0.004814499989151955, 0.005367600009776652, 0.00487010000506416, 0.004875699989497662, 0.005182900000363588, 0.005309900036081672, 0.005837799981236458, 0.005363199976272881, 0.004956800024956465, 0.0050894999876618385, 0.005539499979931861, 0.004992600006517023, 0.005369900027289987, 0.005595599999651313, 0.005223800020758063, 0.004904799978248775, 0.005363099975511432, 0.004843000031542033, 0.00518410000950098, 0.0056371999671682715, 0.005407300021033734, 0.004819099965970963, 0.005245100008323789, 0.005571099987719208, 0.019857400038745254, 0.00015999999595806003, 5.420000525191426e-05, 0.0011679999879561365, 0.005432399979326874, 0.005918700015172362, 0.005150899989530444, 0.005200300016440451, 0.004806399985682219, 0.005119599984027445, 0.005946000048425049, 0.004808700003195554, 0.004850799974519759, 0.005125800031237304]",0.39554548263549805,1787927939.596304,512,64,True,,200,et amet incididunt do Lorem sed ipsum consectetur elit dolor adipiscing dolore magna sit aliqua. ut eiusmod tempor labore labore Lorem amet ut dolor magna adipiscing do elit sed et consectetur tempor dolore incididunt ipsum aliqua. sit eiusmod consectetur aliqua. sit amet ut ipsum dolor tempor do magna sed elit et eiusmod dolore Lorem adipiscing labore incididunt Lorem do sit elit ut consectetur tempor adipiscing dolor dolore ipsum et labore aliqua. magna sed incididunt amet eiusmod aliqua. elit ut labore Lorem dolore incididunt do magna dolor eiusmod amet et tempor sed sit adipiscing consectetur ipsum incididunt Lorem sit elit labore aliqua. dolore et consectetur amet tempor do ipsum sed dolor adipiscing magna eiusmod ut consectetur tempor elit amet sit magna Lorem aliqua. do ipsum labore incididunt eiusmod ut dolor adipiscing dolore et sed eiusmod consectetur sed adipiscing et aliqua. elit Lorem dolor incididunt do tempor ut amet dolore sit labore ipsum magna magna ut do aliqua. sed sit et amet ipsum tempor elit adipiscing dolor labore incididunt dolore consectetur eiusmod Lorem labore incididunt magna aliqua. sit sed tempor dolore do dolor ipsum elit et consectetur adipiscing Lorem eiusmod amet ut incididunt magna ut dolore elit sed eiusmod amet Lorem adipiscing consectetur labore ipsum tempor aliqua. dolor do et sit magna eiusmod do aliqua. tempor sed Lorem ipsum labore elit et consectetur dolor amet dolore sit adipiscing ut incididunt ut tempor incididunt et elit amet adipiscing sed magna eiusmod do dolore Lorem aliqua. ipsum dolor labore consectetur sit elit dolore consectetur aliqua. do magna eiusmod labore incididunt et amet ipsum ut adipiscing tempor Lorem dolor sit sed dolore magna amet dolor elit ipsum eiusmod sed consectetur ut et aliqua. sit labore adipiscing tempor do incididunt Lorem do eiusmod incididunt dolore et ipsum tempor labore sit magna consectetur amet elit sed dolor aliqua. adipiscing ut Lorem ut tempor do amet ipsum magna eiusmod Lorem labo, factors factors factors factors factors factors factors factors factors factors factors factors factors factors factors factors factors factors factors factors factors factors factors factors factors factors factors factors factors factors factors factors factors factors factors factors factors factors factors factors factors factors factors factors factors factors factors factors factors factors factors factors factors factors factors factors factors factors factors factors factors factors factors factors,repair-real-gate-20-warm_03_c1_seed3101_l1,1787927938.4677207,325296801383600,325297534424000,325297557933000,325297604857600,325297929967300,,
req-0014-25e710,synthetic,1787927923.5370185,1787927940.346273,16.80925440788269,0.0727948,0.005676863492385204,"[0.004242700000759214, 0.00404480000725016, 0.004622400039806962, 0.00467589998152107, 0.0047002999926917255, 0.0049906999920494854, 0.006535699998494238, 0.006222399999387562, 0.0066365000093355775, 0.006044799985829741, 0.005968800047412515, 0.006576399959158152, 0.005538600031286478, 0.006042599969077855, 0.006608100025914609, 0.005701499991118908, 0.0059089999995194376, 0.006245500000659376, 0.005583600024692714, 0.00594409997574985, 0.005649099999573082, 0.006054900004528463, 0.006161800003610551, 0.005583299964200705, 0.005984200048260391, 0.00566549994982779, 0.007606900006067008, 0.005515900033060461, 0.005875899980310351, 0.006270000012591481, 0.005608899984508753, 0.0054216000135056674, 0.006196099973749369, 0.005598300020210445, 0.0058262000093236566, 0.005200600018724799, 0.005945499986410141, 0.006389099988155067, 0.00571599998511374, 0.005565100000239909, 0.005492700031027198, 0.006520399998407811, 0.005502499989233911, 0.020887300022877753, 0.00015969999367371202, 5.390000296756625e-05, 0.0015650999848730862, 0.00548789999447763, 0.006254300009459257, 0.004893600009381771, 0.00594409997574985, 0.0054988000192679465, 0.005316499969922006, 0.0057591000222601, 0.00566269998671487, 0.005357199988793582, 0.005224600026849657, 0.005539399979170412, 0.004752599983476102, 0.005388400051742792, 0.005420599947683513, 0.005024700018111616, 0.005267000000458211]",0.43168187141418457,1787927940.7779548,510,64,True,,200,elit aliqua. Lorem tempor dolor sed eiusmod magna dolore amet adipiscing ipsum do incididunt consectetur ut et sit labore ipsum amet adipiscing Lorem elit dolore dolor aliqua. tempor et sit do consectetur ut labore sed eiusmod magna incididunt ipsum magna aliqua. sit adipiscing do elit amet labore consectetur sed dolor incididunt dolore Lorem et eiusmod ut tempor tempor ut dolor do labore sit sed amet ipsum dolore Lorem elit aliqua. eiusmod consectetur magna adipiscing et incididunt elit adipiscing magna amet et dolore incididunt Lorem tempor ut eiusmod dolor labore sit aliqua. sed ipsum consectetur do incididunt ut do et consectetur aliqua. adipiscing labore sit amet eiusmod Lorem elit magna tempor ipsum sed dolore dolor amet dolor tempor aliqua. labore sit elit incididunt dolore adipiscing et sed do magna ut consectetur ipsum eiusmod Lorem tempor Lorem sed ut dolore eiusmod elit consectetur amet do dolor sit magna et incididunt ipsum labore adipiscing aliqua. consectetur ipsum magna ut eiusmod Lorem dolor adipiscing do et tempor sit elit incididunt dolore labore aliqua. sed amet dolor magna labore ipsum sit adipiscing et incididunt ut sed elit do eiusmod consectetur Lorem aliqua. dolore amet tempor labore et tempor sed elit Lorem consectetur ut adipiscing amet eiusmod dolor incididunt dolore sit magna do ipsum aliqua. eiusmod ipsum et aliqua. dolore adipiscing do labore dolor magna sed elit tempor incididunt ut Lorem amet consectetur sit et incididunt amet aliqua. eiusmod dolor tempor sed magna consectetur Lorem ut elit do sit dolore ipsum adipiscing labore elit ipsum consectetur do incididunt adipiscing sit Lorem tempor dolore aliqua. amet sed magna labore eiusmod et ut dolor sit elit labore eiusmod ipsum amet et Lorem magna ut aliqua. incididunt dolore tempor do adipiscing consectetur dolor sed ut Lorem do ipsum sed consectetur labore et eiusmod magna aliqua. tempor elit incididunt amet dolore dolor sit adipiscing incididunt sed et sit elit do eiusmod magna aliq, factors factors factors factors factors factors factors factors factors factors factors factors factors factors factors factors factors factors factors factors factors factors factors factors factors factors factors factors factors factors factors factors factors factors factors factors factors factors factors factors factors factors factors factors factors factors factors factors factors factors factors factors factors factors factors factors factors factors factors factors factors factors factors factors,repair-real-gate-20-warm_03_c1_seed3101_l1,1787927939.5963984,325297930061200,325298679938100,325298705195300,325298752732900,325299111617900,,
req-0015-7f77d1,synthetic,1787927923.5370185,1787927941.4957945,17.958775997161865,0.070886,0.005551395238384545,"[0.004376100027002394, 0.004248499986715615, 0.004324400040786713, 0.004440199991222471, 0.00448179995873943, 0.004627800022717565, 0.004904499975964427, 0.005349900049623102, 0.005349899991415441, 0.005139399960171431, 0.00482860003830865, 0.005728399963118136, 0.006901300046592951, 0.00570859998697415, 0.005090999999083579, 0.005327499995473772, 0.005482900014612824, 0.005474599951412529, 0.005440900044050068, 0.006104899977799505, 0.005097899993415922, 0.005881600023712963, 0.005546799977310002, 0.0048408000147901475, 0.005389900004956871, 0.0060876000206917524, 0.005468699964694679, 0.005893099994864315, 0.005613400018773973, 0.005187199974898249, 0.006249300029594451, 0.005756600003223866, 0.006619399995543063, 0.00575020001269877, 0.00737539998954162, 0.006782400014344603, 0.005695200001355261, 0.005694799998309463, 0.00611459999345243, 0.005594699992798269, 0.004961400001775473, 0.005586299987044185, 0.005418899992946535, 0.005049200030043721, 0.005009599961340427, 0.005177400016691536, 0.01923879998503253, 0.00016570003936067224, 5.659996531903744e-05, 0.002221300033852458, 0.005668199970386922, 0.005637000023853034, 0.005845899984706193, 0.008218900009524077, 0.006036599981598556, 0.005601499986369163, 0.00549529999261722, 0.005445400020107627, 0.005894400004763156, 0.0056446000235155225, 0.005676999979186803, 0.005909400002565235, 0.005807699984870851]",0.4220125675201416,1787927941.917807,512,64,True,,200,ut dolor sed ipsum labore aliqua. sit tempor incididunt Lorem do consectetur adipiscing et eiusmod dolore amet elit magna Lorem elit amet sed ut labore ipsum magna eiusmod dolore incididunt aliqua. dolor sit adipiscing tempor consectetur et do magna eiusmod et labore sit amet Lorem do tempor elit incididunt dolore aliqua. sed ut adipiscing dolor ipsum consectetur magna consectetur dolore do incididunt amet elit dolor ipsum ut sed eiusmod sit et Lorem aliqua. tempor adipiscing labore amet sit labore consectetur eiusmod dolor sed et ut dolore elit aliqua. magna adipiscing Lorem tempor do incididunt ipsum sit labore aliqua. amet dolor et elit ut ipsum incididunt tempor consectetur sed adipiscing do Lorem eiusmod magna dolore do incididunt elit ut sit tempor labore dolore dolor amet eiusmod adipiscing sed magna Lorem aliqua. et consectetur ipsum ipsum elit dolor labore sit magna incididunt tempor consectetur Lorem dolore amet ut eiusmod adipiscing aliqua. do sed et sed sit aliqua. amet dolor elit incididunt et Lorem ut tempor consectetur eiusmod magna adipiscing do ipsum labore dolore magna elit tempor adipiscing sit aliqua. eiusmod ut amet Lorem dolore incididunt do et sed labore consectetur ipsum dolor elit magna ut sit incididunt tempor adipiscing ipsum et aliqua. Lorem consectetur dolore dolor sed eiusmod amet labore do Lorem aliqua. incididunt adipiscing sit eiusmod dolor magna labore consectetur tempor ut elit ipsum et do dolore sed amet magna labore eiusmod aliqua. sit adipiscing sed amet et consectetur elit do dolore incididunt dolor ut ipsum Lorem tempor ipsum sed amet aliqua. magna ut labore tempor consectetur dolore et Lorem do incididunt eiusmod elit adipiscing sit dolor ut eiusmod adipiscing sit incididunt sed tempor dolor et dolore labore do amet elit magna aliqua. consectetur ipsum Lorem labore sed dolor eiusmod consectetur ut elit aliqua. incididunt et Lorem amet adipiscing dolore sit do magna ipsum tempor tempor ut labore do incididunt sit sed Lorem mag, factors factors factors factors factors factors factors factors factors factors factors factors factors factors factors factors factors factors factors factors factors factors factors factors factors factors factors factors factors factors factors factors factors factors factors factors factors factors factors factors factors factors factors factors factors factors factors factors factors factors factors factors factors factors factors factors factors factors factors factors factors factors factors factors,repair-real-gate-20-warm_03_c1_seed3101_l1,1787927940.7780619,325299111724700,325299829458900,325299855211200,325299900344900,325300251470500,,
req-0016-d02210,synthetic,1787927923.5370185,1787927942.6590593,19.12204074859619,0.0741719,0.005632492063182687,"[0.004521099966950715, 0.004470800049602985, 0.004677099990658462, 0.00505809998139739, 0.00479600002290681, 0.005274900002405047, 0.0054697999730706215, 0.00641229999018833, 0.00730140000814572, 0.005427299998700619, 0.006096700031775981, 0.005616899987217039, 0.005420400004368275, 0.005818700010422617, 0.005296099989209324, 0.005346299964003265, 0.005614500027149916, 0.006193400011397898, 0.005628799961414188, 0.005520300008356571, 0.006540200032759458, 0.005890699976589531, 0.006160899996757507, 0.005654299980960786, 0.005368500016629696, 0.006077099998947233, 0.005171900033019483, 0.005384899966884404, 0.005686999997124076, 0.00527750002220273, 0.00545669998973608, 0.005247800028882921, 0.005642899952363223, 0.005466800008434802, 0.005292800022289157, 0.005278599972371012, 0.0055825000163167715, 0.0050755999982357025, 0.00575160002335906, 0.005787600006442517, 0.005579399992711842, 0.005460899963509291, 0.007498699997086078, 0.005081800045445561, 0.024347999948076904, 0.0001613000058569014, 5.390000296756625e-05, 4.970002919435501e-05, 0.005639899987727404, 0.005583200021646917, 0.006071999960113317, 0.006510900042485446, 0.006300699955318123, 0.005437700019683689, 0.0053820000030100346, 0.005599599971901625, 0.0053662999998778105, 0.005232900031842291, 0.005654599983245134, 0.00591310003073886, 0.005476199963595718, 0.005434599996078759, 0.005252800008747727]",0.43027377128601074,1787927943.089333,511,64,True,,200,ut et eiusmod elit Lorem sed amet incididunt do magna dolor dolore labore ipsum consectetur adipiscing tempor aliqua. sit adipiscing sit et dolore magna elit labore incididunt consectetur ipsum amet dolor ut aliqua. eiusmod tempor sed do Lorem tempor ipsum Lorem consectetur ut elit amet do sit dolor incididunt dolore eiusmod et sed adipiscing magna aliqua. labore labore consectetur sed tempor elit Lorem et aliqua. magna incididunt dolore ut adipiscing sit ipsum do amet dolor eiusmod labore ut dolor ipsum aliqua. amet dolore tempor Lorem sit consectetur elit eiusmod adipiscing incididunt et sed magna do dolor dolore magna incididunt aliqua. adipiscing Lorem sit do labore elit et ut eiusmod sed amet consectetur tempor ipsum do consectetur et dolore ipsum tempor ut sed incididunt dolor aliqua. adipiscing Lorem sit magna eiusmod amet elit labore elit labore dolore ut eiusmod dolor adipiscing tempor et ipsum aliqua. Lorem magna sed amet consectetur sit incididunt do incididunt consectetur Lorem do magna dolor dolore adipiscing eiusmod tempor ut ipsum amet elit labore sit et sed aliqua. et labore tempor eiusmod adipiscing dolore ut amet ipsum aliqua. sed dolor Lorem elit sit consectetur do magna incididunt et sit Lorem magna sed incididunt do aliqua. dolor eiusmod elit tempor adipiscing dolore ipsum amet ut consectetur labore dolore eiusmod aliqua. sit ut magna et adipiscing elit tempor dolor labore consectetur do incididunt sed amet ipsum Lorem tempor dolore magna aliqua. Lorem ut consectetur incididunt dolor eiusmod sit elit labore ipsum do amet adipiscing sed et aliqua. tempor do Lorem dolore dolor eiusmod elit ipsum amet magna labore sit et consectetur sed ut adipiscing incididunt sit tempor dolor Lorem adipiscing eiusmod do dolore labore incididunt ipsum aliqua. elit amet sed consectetur ut et magna dolor consectetur tempor incididunt sit dolore adipiscing et ut ipsum magna amet sed labore eiusmod Lorem elit aliqua. do ipsum tempor aliqua. ut sit do sed incididunt la, factors factors factors factors factors factors factors factors factors factors factors factors factors factors factors factors factors factors factors factors factors factors factors factors factors factors factors factors factors factors factors factors factors factors factors factors factors factors factors factors factors factors factors factors factors factors factors factors factors factors factors factors factors factors factors factors factors factors factors factors factors factors factors factors,repair-real-gate-20-warm_03_c1_seed3101_l1,1787927941.9179149,325300251577800,325300992724200,325301017937500,325301066896100,325301422996300,,
req-0017-2f5d51,synthetic,1787927923.5370185,1787927943.8070977,20.270079135894775,0.06709,0.005753147619081632,"[0.0040623999666422606, 0.004239400033839047, 0.004066399997100234, 0.004245599964633584, 0.005115800013300031, 0.0047623999998904765, 0.005018699972424656, 0.00562120001995936, 0.004918300022836775, 0.005099100002553314, 0.00549069995759055, 0.005245000007562339, 0.004915500001516193, 0.006973100011236966, 0.004940700018778443, 0.005238499958068132, 0.005747900053393096, 0.0057766999816522, 0.0051367999985814095, 0.005781800020486116, 0.00509209994925186, 0.005124200019054115, 0.00520790001610294, 0.005093499959912151, 0.005339200026355684, 0.006996800017077476, 0.0058515999699011445, 0.006832699989899993, 0.00634130003163591, 0.00590559997363016, 0.005843100021593273, 0.006275799998547882, 0.007034000009298325, 0.005982099974062294, 0.005625199992209673, 0.007294300012290478, 0.006717399985063821, 0.006072800024412572, 0.005738599982578307, 0.0057135000242851675, 0.006091999995987862, 0.006233899970538914, 0.0055677000200375915, 0.007980599999427795, 0.007297100033611059, 0.02146419999189675, 0.00017469999147579074, 5.7999975979328156e-05, 0.0038808000390417874, 0.005535399948712438, 0.005664000054821372, 0.005612799955997616, 0.006136300042271614, 0.005954899999778718, 0.005869599990546703, 0.005772700009401888, 0.005689899960998446, 0.005745400034356862, 0.006048299954272807, 0.005408700031694025, 0.005794199998490512, 0.0058367999736219645, 0.006152600049972534]",0.430955171585083,1787927944.2380528,510,64,True,,200,amet et sit consectetur tempor Lorem dolor ipsum elit labore sed adipiscing incididunt do aliqua. magna ut eiusmod dolore sit adipiscing magna consectetur ipsum labore sed elit eiusmod incididunt ut tempor dolore dolor amet do aliqua. et Lorem do amet tempor ut magna elit dolor sit aliqua. eiusmod consectetur labore sed incididunt ipsum Lorem adipiscing et dolore dolor elit dolore tempor labore ipsum do amet Lorem incididunt magna consectetur adipiscing ut aliqua. sed sit eiusmod et Lorem amet dolor consectetur sed ut aliqua. adipiscing do sit ipsum dolore tempor labore incididunt et elit magna eiusmod et dolore incididunt adipiscing Lorem aliqua. elit ut tempor do magna sit amet eiusmod consectetur sed ipsum labore dolor Lorem dolor tempor amet sed ut dolore elit incididunt magna consectetur eiusmod ipsum aliqua. adipiscing do et labore sit sed incididunt labore eiusmod dolore magna ipsum dolor tempor Lorem sit elit ut et adipiscing consectetur do aliqua. amet sed ut adipiscing dolore incididunt do eiusmod Lorem consectetur amet tempor aliqua. magna sit labore et dolor ipsum elit aliqua. ipsum magna consectetur amet Lorem adipiscing labore do dolore elit sed incididunt ut eiusmod tempor dolor et sit dolore ut incididunt et aliqua. adipiscing sed elit dolor magna amet eiusmod labore tempor consectetur do sit Lorem ipsum ut Lorem eiusmod do dolor aliqua. labore elit sit ipsum incididunt dolore magna et amet sed consectetur adipiscing tempor dolore tempor et elit sit ipsum aliqua. incididunt ut labore eiusmod consectetur amet Lorem sed adipiscing magna do dolor amet incididunt eiusmod aliqua. ipsum tempor adipiscing ut do Lorem consectetur elit sed et dolore labore dolor magna sit do ut labore dolor sit aliqua. consectetur ipsum magna sed incididunt et adipiscing eiusmod dolore Lorem tempor amet elit aliqua. dolore sit do Lorem consectetur et dolor incididunt adipiscing tempor magna sed elit amet labore ipsum eiusmod ut dolor sed consectetur et labore ipsum elit do ei, factors factors factors factors factors factors factors factors factors factors factors factors factors factors factors factors factors factors factors factors factors factors factors factors factors factors factors factors factors factors factors factors factors factors factors factors factors factors factors factors factors factors factors factors factors factors factors factors factors factors factors factors factors factors factors factors factors factors factors factors factors factors factors factors,repair-real-gate-20-warm_03_c1_seed3101_l1,1787927943.0894325,325301423095300,325302140762500,325302165254700,325302207852500,325302571716300,,
